cookie_id,score
ck_315fb710a0e371e7,0.0017490607680823098
ck_a76ee3b3e3e522fd,0.19346916045482865
ck_94c9a4d382689e82,0.027201700860090744
ck_8eaf9509ad9462a0,0.0023165083059572375
ck_9a88a5a989cb5bc6,0.00666494362880158
ck_15239ef0689c1a35,0.006984983010218997
ck_8de69cd219d3b87f,0.18086934343778785
ck_f92cd37022b0ce21,0.01935315041321713
ck_1a3ff7620580a514,0.006371705374378562
ck_397c03aa33a57310,0.09934276284381222
ck_a7cf6c3b322f6b7a,0.005648787131795614
ck_c39a9e75760e3201,0.006843998365651198
ck_88ab6d245228c38e,0.001252286626604705
ck_17733f75ebdea93e,0.0032517567697671113
ck_58eb871e8d7bed52,0.01909622383521509
ck_e55b7fa67db1ec27,0.002680241242508543
ck_62f5cfe22c952694,0.005897594252737112
ck_7fbb709a0fe95759,0.0036800396217150557
ck_87abe9cd066a20fb,0.04472835289012833
ck_d58e058b5c553dd5,0.006258589020529052
ck_d27b872648b71202,0.00705039690530073
ck_4b4a3c5b95c55b43,0.0017687110642545228
ck_66dd4f4b4127256d,0.0037611148944680004
ck_93cc12703b500613,0.05705101674474219
ck_d28806a2179092eb,0.9848016420949418
ck_0595c2a0c7881e05,0.01048355738455878
ck_50087d8666191144,0.21366328553671354
ck_b08b3f089138c901,0.028007102859545233
ck_fe3b67041dad2dd1,0.002576360813186065
ck_8449a28f7d475d93,0.01267586708899227
ck_8642e3b6d84f49d3,0.011156234223542527
ck_e49b5e4f2f2e79db,0.3362364051938362
ck_437afe412ea4259c,0.11954904537886946
ck_569b83668d74042d,0.6705777328024373
ck_233a487d31c3e631,0.9842771561892784
ck_1fca72e03143a645,0.9320011155725018
ck_79205e31223df2ad,0.022248529880866855
ck_9625a64406ea16e3,0.0026862655291384776
ck_079bd18dacb704a8,0.2009253123844701
ck_4db6d4fd2b49aa81,0.039887431637447325
ck_0dbefdac0a1868fb,0.0030603192480209373
ck_24ff97ad90bdd69a,0.14585786170857357
ck_77f8c5042065d506,0.00385683782424007
ck_f11be8ce05382cec,0.0047390950833815495
ck_c9d72140b0389216,0.056691926007564765
ck_69eda24e931fb36a,0.002116049368642054
ck_ed471e496916ee15,0.00164407114523536
ck_ff090498c4b17ac3,0.011786420811128115
ck_c3c19d6a0720915c,0.0024217945892450843
ck_af02e1817cfa40b5,0.02588368092511299
ck_2df5a9fc87553eb1,0.008256165305657264
ck_4ac918e884cff336,0.030247510088869722
ck_ca149244b54ef3ad,0.0014654779238254794
ck_6babe5b8674ff51f,0.025519669187129168
ck_1573878386886290,0.005777593268041162
ck_3925f8565abb7fe4,0.004391468026537839
ck_c4de808ae69c771f,0.0018909118832419103
ck_a777c813551281fe,0.0028291078217969608
ck_df4424f6dd85080d,0.0427731835071361
ck_85e5494ec20383ae,0.015568648735036633
ck_f71a4094e889c3af,0.004948569892142881
ck_f2f3cf9cd23b2809,0.02568121441017897
ck_18e2076397bcc211,0.008494805757411973
ck_c9f9fddef39bc664,0.019266965929101376
ck_7e826e233d6ea028,0.007319641684777442
ck_62fd7eb46bee9210,0.008418063997483639
ck_206f8e3cd72768f3,0.07574411291811652
ck_aa295a11b0a6ab36,0.02805424411122485
ck_9a56739d81f84a53,0.0029731839658226488
ck_aa075c418ed9fe5a,0.009414295414040092
ck_62b9fb3db284941b,0.008292158430025296
ck_f4f83b1403ebea46,0.008693827229739458
ck_16b66bd803288bc3,0.3084328874680242
ck_c4ca1434f3778f1d,0.9901628265433606
ck_1b823610371a29c0,0.004194792889570204
ck_c2bd5a722aa637d9,0.006114904296382038
ck_7890208951df34f0,0.009032032649448463
ck_020eb0e454524ecd,0.0022473783633452722
ck_3b66196ccf436c35,0.007637683424482667
ck_109fc467ec0a4af5,0.08416111696025508
ck_f3dcd818db92de7b,0.021560266292826775
ck_31e7742f160980ef,0.014236043875124657
ck_77fce5f86f00b8f4,0.48336045063305333
ck_46bc797b4d07d607,0.0028844947526437213
ck_37899b1b571b1c6b,0.0082899109661365
ck_ef8a6af43fedd464,0.002882255233120788
ck_bcc8519fe8521038,0.022026072337068492
ck_90696b7182dd9129,0.008520787512845178
ck_4a24ad61d017e1ba,0.02085405357360845
ck_0acc3d8c67218b9d,0.0035571343416249
ck_05c97fc9de11aba6,0.29379573911514595
ck_f8ac3a0500c0ec62,0.006072039240925992
ck_617b65141f546a1c,0.006653282588382946
ck_9d00823bf60388d7,0.033112605560495965
ck_123c15d93f1840f2,0.1882748412535543
ck_573feefba6bf78bb,0.10071124991574631
ck_b25657bd16739036,0.008744731421506724
ck_bd26d2bef14a8597,0.0046640059169089166
ck_a553418f2fba1440,0.008305858821723048
ck_89f3e380b0686963,0.010256521850122123
ck_b359192aa659bdce,0.10100411180475603
ck_02241f3dc301bebf,0.024405123552963797
ck_5ccc1a1c78cb33ee,0.03931814550317261
ck_349cc5edda1b8853,0.10428800808630961
ck_e9f228845bf6e28b,0.06300791512249126
ck_0a45d033d4e280ea,0.04100240023282673
ck_7e63168dda612235,0.003207293470485652
ck_676fa5f6aae5475b,0.006687236826588666
ck_74b502b20690ccfe,0.006280453512630939
ck_073509af21dd7f5f,0.5704501026747618
ck_498a0acd450944d8,0.0018731667910699553
ck_7f15b50b29dead01,0.012902641067565107
ck_8089fe7403c5f537,0.009275906625551373
ck_05b2b04e11d9ae9c,0.024263129388383348
ck_31e70f2f04b48b88,0.0030165720300009964
ck_994316fa5a02b319,0.0038830002280670468
ck_b76510998b9a2260,0.012597051902907053
ck_4db95c310e105d30,0.003338032802615932
ck_6f730b77dc6cdb84,0.005919935439188149
ck_2493ee8e7b91d304,0.019163482228206696
ck_92d679d6ac7dcdcb,0.11424973363915669
ck_3a0e0200cbb185cb,0.010915592905624584
ck_0b2eeb4e00ff7955,0.02753552438265174
ck_9843d0e61c37ebe8,0.9887843822352801
ck_e61c8721e3ef1921,0.0036983066618931706
ck_2e0eedaaf2980c2c,0.008525860512470342
ck_9036b2e5e9298a34,0.006253361399343763
ck_3265442528d51728,0.006470664404594653
ck_f2ddae2eb1cb29b4,0.010490608777732608
ck_6cfa71d27fc27f92,0.010180047173795231
ck_f3199fbe84a28b9a,0.038932016071112
ck_b78d785ca3ef773a,0.008580309167190414
ck_374865697f1480eb,0.012970710428502875
ck_06d0e4a9189302a9,0.07391246953228381
ck_9c9884b9bcaa552e,0.23279424816636415
ck_fd4cf578e87703ff,0.013876824823609052
ck_1917ef3e6e345549,0.12112424783946026
ck_e70418b00cbbbac9,0.04373226002698197
ck_a60388296a47062c,0.014156395667596659
ck_d598fe8d2c779ab9,0.004830301744934179
ck_646dc03de4c31803,0.798461649711122
ck_e4fd8cbd842b6993,0.0015320944411742622
ck_2225b555aa2a42ed,0.03148577466359892
ck_6be8ae9d78148882,0.008255668197942772
ck_4199342d3aca74e8,0.1304584237137085
ck_779581adb573261f,0.01017482673696426
ck_bb303568b6915205,0.1697393524023069
ck_17c4296276448afe,0.005090564415301008
ck_a60a61ac829252a0,0.006249690821541768
ck_6ea70950c1cae00b,0.8973374243382267
ck_1abb93f6924645e1,0.02570834451064991
ck_faab769cce19879a,0.07919168751732174
ck_d5b8e74e7ca6355a,0.027365226329585424
ck_f11f7691af16ad07,0.002461123544477731
ck_188fdf2be7c92e9d,0.988293231624283
ck_4a103f8254b366f7,0.006024610631934386
ck_bfa17a0b1760e616,0.0023043257471171003
ck_a4d7f6a5869d440a,0.9393640579944166
ck_58e20f5a3e7f11b8,0.7770862313254311
ck_4becdd3d2696c7ba,0.007865536990603413
ck_dad5cf32ab9f243f,0.00453322396578566
ck_7d9f73dc7c4f90c3,0.06742532931590893
ck_c19371047a2d011d,0.003549145041170198
ck_247589ff532f7aa8,0.00798835795300541
ck_7a9f241d5f082567,0.0043164151643337095
ck_0a2b7078736b4dda,0.003491467998474036
ck_687b412e2aac7eb6,0.015942693281570695
ck_fce0b6855886a0b8,0.008520040241495499
ck_e291cc60920456d0,0.1313962854562248
ck_04219a7ea798db51,0.029977890172204646
ck_286bfd719836e9f3,0.3814977174309802
ck_55efc92394fee232,0.016645175373374198
ck_e36c8da1bd359960,0.04913485002310481
ck_34b0988a97d96902,0.005634082126099908
ck_e0fb11fc9dcb34e6,0.018508279843174782
ck_bcc9cbc9ed8b7c31,0.009517094578709874
ck_3df8da6f60a89a5b,0.010750895423088084
ck_b1495ee5c59a6b28,0.015579794086268797
ck_58f4c3ac61fda129,0.04029940829129409
ck_735f244b99e3aa8d,0.011973070731363862
ck_6b93bd8abf87b1d6,0.7881637109978962
ck_12107dacc6d05bd1,0.0024139817351769674
ck_f96db2a1f3448d1f,0.01444377740792043
ck_8fd91a3c99e19097,0.03464891355535261
ck_910205d25388a0ae,0.0015094027199871595
ck_d229dfa0e4442628,0.0023944281977326585
ck_7cdec61e1c488798,0.08828712532114957
ck_f66f06e24ff32671,0.019267024675597582
ck_350bf14e90b503f5,0.011929632926518224
ck_61fff5fdaadd394b,0.006928829996964143
ck_e934f984bad2ff91,0.37543621823579487
ck_ff6a6d3547dd2d37,0.05191669993603076
ck_65ad9b15979e3247,0.010095906160242684
ck_bbe1a2ea5a403ad8,0.7060133522229327
ck_6f3a28eecd2c4031,0.009400603294678159
ck_a89b66665714058f,0.006030618842067718
ck_918c92182b6817cd,0.02337234210736196
ck_64f5eb4be9e7b8fa,0.40645828180499555
ck_d021fd497ea35fb2,0.01454376325344975
ck_004de16f7d8a42ae,0.009783209963075384
ck_a33d2325f86ab12d,0.003693551143493817
ck_89790ff26c844bc6,0.016858504793981818
ck_e6e7257377c37b28,0.24358117909008214
ck_a2cc3910a641a808,0.4298027598761382
ck_646e270e0195bf05,0.007063378925214634
ck_baba5d66def0d770,0.08224604117696062
ck_67cdcdda3033842d,0.15468606316449554
ck_b5c3075c811a2216,0.07751586349754311
ck_515379973a8044b8,0.005335950418911187
ck_c0ce85fb4109567d,0.024896594291902035
ck_fef850553862aaca,0.002212388807738002
ck_55d7217b0aff9fa2,0.005971190187842088
ck_8e139f8925ef7968,0.006695668738297772
ck_9e35b908fca1e4d7,0.0030638830955315396
ck_59735f4ab2ad3da5,0.016675366619453506
ck_dc569c1167ccec0d,0.6879430517700281
ck_1dade5592f90a15c,0.029316895529193532
ck_793048d11fb8b328,0.28281877099257247
ck_545b71eb4fa594b5,0.006215837208591045
ck_bd30853e9a57b544,0.014404244928973428
ck_59f46321ecf6d306,0.010262160133244777
ck_260cfe9141d249f1,0.26048711538503055
ck_3365a0ad1a8aa83c,0.010091227894727314
ck_b0ef193195a2138b,0.012586045477803773
ck_0f909705e2e60f2f,0.0023621808099218004
ck_5a540b75c866166a,0.032034922008546414
ck_87c26b2f41025109,0.9788237733372315
ck_27acc9f320cda104,0.16862447334962502
ck_a27bc31eecd9cb9a,0.010599546391180563
ck_115d86fabde77b65,0.003378891148334786
ck_eeca179341d56f8a,0.45572544298874534
ck_8e5999c436cf037e,0.002533939448205598
ck_510e7c5df1f95d90,0.98427226180018
ck_f1acf73363925958,0.015166119669262621
ck_3c177f5970b68bd3,0.01565052024116451
ck_9cdfaa1c30cc9d32,0.002558238154187488
ck_c8efa1538b37c359,0.007447175168115651
ck_a8a2e296f9804bd7,0.02339330996427548
ck_91a0ca45f429568d,0.009151083685275929
ck_5fdf8a0bdbd3ed62,0.009660769383898806
ck_0f4e2ec66d50da5f,0.005563598163175194
ck_28c53b214b2ee882,0.11449535714629551
ck_003148504557f720,0.2538312313706404
ck_01d840cffb870615,0.22621162523591387
ck_555848d51f4b5f35,0.01731164878495756
ck_df20cc23b8fb8e22,0.011243040928231592
ck_f9604adde929beff,0.0042696263003757775
ck_d66952b03591bdec,0.004973981610425064
ck_ddcac1ab765ff61a,0.01130585322245481
ck_347386629d96c664,0.014734718191460466
ck_ab01db9117acfe3d,0.007420708400968923
ck_58e5359efc52e0ad,0.008488673604923206
ck_1a524b5cc8da71b3,0.061006718220467805
ck_e9287b6d909d731f,0.00428163399177353
ck_bb41a66e3d90263b,0.1763172778795119
ck_e95c8cc1864bd584,0.001980110514253662
ck_7a3f2961e9a8b6dc,0.005620731043043598
ck_378a9df82b1e0bee,0.13041715071537366
ck_42633573639a3f02,0.9718718297148733
ck_2a5a4c18c2c7274b,0.009301346153163243
ck_77549c1a41f837c3,0.0169949134834763
ck_a26704b5b26258b7,0.009586601100955196
ck_9874ad160efddf50,0.0020996444431013706
ck_9111e3a04b14dfba,0.04281536500769761
ck_651e076ee43aea85,0.0061025696709227535
ck_391639c0f13932f3,0.002757642978091611
ck_02dbabda93c8c13d,0.04480190676754589
ck_0adcb1fffcb0a34b,0.01477927822727135
ck_7a43ef9c7b1c67b5,0.0037579775972772025
ck_4b9dd69946438d0b,0.013839905117283705
ck_90bf017cdd37b66e,0.05647616804715647
ck_61c74163eb36556e,0.023987634514984705
ck_13376c59b5bd6943,0.003049919459061516
ck_62337eccb1672737,0.005561802078110902
ck_16077934338472bf,0.003350381656285401
ck_0d4dfd93086e7330,0.011212899406159653
ck_3865b7525b910893,0.01345520895671419
ck_7e2ae8b69ebd5675,0.0067315359529247195
ck_b4384b6c11766ce7,0.005327484752981546
ck_3d7fa32dfb9fc692,0.053021386498503485
ck_f4a6a7cadd6e0603,0.05819369126804055
ck_212525e2828a6c45,0.005620005935638688
ck_33ad8d53394ba77a,0.5930492175683617
ck_a5051eafe8b51224,0.009399144797515193
ck_f65e5ff7da565f91,0.007147722430506481
ck_5c37f7563fa7591d,0.007366096674699551
ck_f1e0a006068aff29,0.007569789724289614
ck_c646cdead6fb79d0,0.0036338243370305583
ck_f8b3cdffef535330,0.04840033628945076
ck_e5cdbe3aa12c97f6,0.003989405074728329
ck_986e4e61440506d0,0.10071402409677506
ck_6da9c5912e15d9a8,0.005215712696548239
ck_51d842e6dae74c71,0.010036906611557591
ck_5fc65c24e0736d5d,0.9048393507693753
ck_babb95a76c69509d,0.03829635365069172
ck_86a2d852a9715432,0.010465766333781061
ck_db4083a0d043def8,0.10142235874515189
ck_96953b8945b7d403,0.007629868508404153
ck_7831ca5c31fb3859,0.04341930369302071
ck_60ac5e5f375daa38,0.007783394680587187
ck_05d44eb1f5f085ce,0.06806549768625238
ck_432cc19c7eeaa46e,0.04615846353182954
ck_7fc513033af061af,0.08780151013764313
ck_ada6ede84c111719,0.005996176338370111
ck_6343e0d3b1c2962b,0.014176312204260933
ck_010264ae04f2e902,0.23411317903282827
ck_e9dcf535f8c289eb,0.044466754365443374
ck_37143d9cc296e6fa,0.004027571057761774
ck_61fa051192f3e810,0.012676877829192815
ck_f9f93d1d41be1468,0.8102305999678343
ck_c4f4f28457be8a74,0.002446586910106865
ck_323a71f9452d21cb,0.7926672967546039
ck_170f4688e0acd875,0.048996882301406364
ck_869b1878d09d230d,0.14370406675080563
ck_2f6b33bf46976229,0.004675581637594587
ck_b11e22e75d9b99de,0.004482077158489545
ck_123d75ffb75b606d,0.004881811294828949
ck_94295287a04c85d2,0.19480645859313986
ck_1b0434f096795328,0.0028332807439791583
ck_0a4e191cd0a57ce1,0.004345469835590891
ck_d2fbd0df99634676,0.009957243894431748
ck_d51df5e9fbbbcc94,0.028560757428643946
ck_2d3d7d64a6f443f8,0.009264469237681762
ck_731943c682c9394e,0.024587465210924708
ck_5ccc0c94e5e1f849,0.019924347686727812
ck_c3476080516db25d,0.02660117032703643
ck_5010ffb1c94187b5,0.0024643021590536034
ck_7ef666d67bc70223,0.026836931062498248
ck_c1b493527224a27a,0.0051867715835525645
ck_5d1e25d7acc5af9a,0.012100650815108116
ck_ec30b61cbf517db8,0.0018919210176256702
ck_79323eb5d2e5efae,0.007318914711655027
ck_4085cd3bf2661518,0.015662761408237802
ck_2ca91214c357c072,0.3200229904194927
ck_7f3132d6be389657,0.0504110955348629
ck_e7a6b925c8f39a85,0.017739090687715398
ck_c886adec7bac250a,0.020908798183774235
ck_c3f360c2d0ea0a37,0.011439906446698284
ck_a7acd5b015823793,0.013077013029944773
ck_9d64187c0800f84e,0.01637386549316743
ck_5d4ed73b9efd7d11,0.008098863148724723
ck_874eca6776b34dec,0.0033942236345803466
ck_96a9221a87be93c3,0.06113110720937744
ck_68dd79a51eabf5e6,0.06474254945479437
ck_8311cb6755b2016c,0.0025383557199958376
ck_16fc77b2bcf5ec03,0.9597475715174261
ck_ad9e2088a33c8c72,0.0015585688198566155
ck_7176bbc97b1e42a1,0.0048462663907221344
ck_80dfa54b30f65fff,0.5017159838827191
ck_31c54d540b128843,0.004392080454111061
ck_43ea894480567274,0.026822935103588626
ck_9c9e8a38bd5a6c88,0.022076389571920912
ck_1c2dcae19539e148,0.10382669905167341
ck_b0fa8b84e94d8ae0,0.012025274636894357
ck_4ceb43ccd0a81c2f,0.011522979709552723
ck_ba845332b730b596,0.0029977902965525882
ck_73d3e8c6077f61e6,0.1649958987759295
ck_b5d0d223ef56473f,0.035132041470995946
ck_949f08f8e80e93ea,0.0038136771448088595
ck_73de0b49709e5f8c,0.0045310898020963514
ck_b5935e9722a39819,0.044255036008338584
ck_96247fee0eb44420,0.0031029248450197334
ck_a6def1e4b2d57e0d,0.031949530236686695
ck_aecdc5a96321a2d8,0.009269843106629545
ck_bc61c59970f8de49,0.031140463879212765
ck_c43b4175fc9ac5bd,0.9190976627812745
ck_8ff7a9b23a55fd62,0.005130909161328046
ck_20c99b645f462449,0.006623879950637385
ck_a5ce2ae36fb410d9,0.005093129431187092
ck_96fb9bf556842bbc,0.022056855144662255
ck_b5e4c6dbbed1b773,0.033859063647605124
ck_2085433978e72ea9,0.037988654782710435
ck_2c6b174b063ec637,0.019897907966159232
ck_b20b81b88dabe28d,0.005155237820064708
ck_243c18dbf150831c,0.0032787558398685844
ck_2bb6a17e8eee35cc,0.05300353454338236
ck_66147fb994495396,0.10022411264696678
ck_73f124f075ede0fc,0.01260404123853351
ck_2e315f1b1e533dab,0.0031186780775759107
ck_16c7bf94ed3e7a6f,0.0023205669912981105
ck_4a0eae220a762ac5,0.021329231439250872
ck_dc16f939c2f44ad8,0.1544408890679586
ck_817926b449754917,0.004715990591161981
ck_0c0dde42ab64ef87,0.010638883079478767
ck_cb3a40594da6a2ee,0.0246316123539842
ck_d0dc156441fcfdcb,0.06322529469298253
ck_66f0945add423e9e,0.00427946901562864
ck_a74f6a3030f5d495,0.08435608880466268
ck_1ae460f331e49ae2,0.032194338249891256
ck_2d177b2f4f0b40c9,0.33779644757758515
ck_92e474e4368c4791,0.018071450322121155
ck_3dee83fa2d109484,0.003480029984059616
ck_80e5ea27848069fe,0.012210491422370106
ck_ed0c4a83701ca230,0.01833220949748607
ck_0b8b7c5c581fd161,0.0016184632708385605
ck_60bf8a2870956fb1,0.026539372253273217
ck_73a54b56a2bf35fe,0.8961715484101739
ck_2296d7a563424883,0.0029243736620873117
ck_bc19c383560c7477,0.06891563907789909
ck_861d8e3d88f1079e,0.022956096985244884
ck_3f090fc96c24eb28,0.004907467958280733
ck_9a6a1f8102febfca,0.024249871563834947
ck_541b6ad5d2fa5a39,0.029651753857732235
ck_a760d38d1bc4de97,0.004883047717225829
ck_7dca4d7ee10b4eeb,0.006833598314987956
ck_15220e78d1545e40,0.021657326391252767
ck_ca24bb0de508efb0,0.0028435168485817686
ck_56b389627d8f02c5,0.9892520312754374
ck_48a6754977a44db0,0.004336710188923656
ck_333a43ec339a04cb,0.04296892929173749
ck_f22aacaf86a65d7e,0.12366420489133728
ck_04bd8a1ffaf3ffd8,0.004784561690270949
ck_2737a72de6b700f3,0.028870142997114448
ck_c35e03b0dd0c3454,0.011373791848743861
ck_e0571312f395cd94,0.021790830936772147
ck_09fab6b9825001b2,0.002141730348745457
ck_18c3a095606209e8,0.011137877347196866
ck_2a97db9377d01e36,0.007613825366320183
ck_f29dbbfdd2786bd1,0.00646841638505592
ck_35d6c510ad29362e,0.4152551372219966
ck_5468fa99c945d785,0.02668179024240248
ck_6f8102f62c876cc9,0.027731280453377305
ck_91955aab3424ad16,0.005769518320964179
ck_9a43c0c73a39d759,0.01593169882509699
ck_60b023af6d1e30bf,0.8284778282035767
ck_9704c5cf8659cedc,0.023646014881421054
ck_7e5f02b51b9f78bf,0.05305168752303191
ck_7d3a88d1aa649708,0.7950076513751347
ck_8250eddc1ecb07a0,0.02446398462624479
ck_d979ef95ee44023d,0.013172898040447275
ck_5e5461dac83531ac,0.025102592647291092
ck_d1bb8890081e0a31,0.02301336823200531
ck_32246c62640648d9,0.002064186928302866
ck_77a40c7d2f862a32,0.049336319656574895
ck_1c8b94efe9238f5b,0.005334869547006342
ck_eaf3b6d11bc3cb11,0.004459654410374014
ck_a4a7ef3ad799c380,0.010834509897929336
ck_d5bd8f68da073cd8,0.004534395327580373
ck_6e6258227fc8db7f,0.0022892620720639913
ck_c35d444e05799db6,0.019340197225872265
ck_74665e1209140ae8,0.012077811498555155
ck_353a272478f7e903,0.0035289449461492726
ck_a2c9796ea229a4e2,0.006080994592478001
ck_e0171f91cb3411fe,0.03341234201252403
ck_703499f5410280f7,0.0036932526722271122
ck_ae3a763997f8f385,0.034470612286594336
ck_f7ff94c3df5ac874,0.01374592580018448
ck_f3c16d8f747db046,0.015502011661907858
ck_7ef019ed77276496,0.004952769990361705
ck_d6a4faadab58a3de,0.010023863438349288
ck_ba7b78d31d74c794,0.011323232918958336
ck_36287d063350ce9d,0.009711921372441333
ck_5177fc7137ff26ce,0.004076721900132589
ck_dfd4e79aaa967b63,0.007143791299130643
ck_fb44d15fb93a7157,0.018007792867580922
ck_fca478361870a4ca,0.009098908033154598
ck_e57b94fe57341058,0.020013875503536494
ck_5448c946cc4758fe,0.015737866768568264
ck_c5ece5ffb8800ad4,0.007122940545276397
ck_11cb98211b2ed134,0.9062565221590965
ck_f655399ac75c4450,0.01053052145868723
ck_c817259019588d30,0.019986794206833424
ck_8740a14d8096c6e1,0.024919898702602084
ck_0c5ba86f4e05b38d,0.013409381797576128
ck_ccc917533d4b73d4,0.0077173714656553
ck_9eb80edfa43203de,0.005787009446136057
ck_d1a1cf4cf61d6801,0.024859381272388997
ck_b17c239f160e6017,0.004116275165322908
ck_410c3e13b48e0415,0.0057760632467995345
ck_ab553954435e8854,0.8247557106756273
ck_bdbb4230c91e1604,0.015773652349803758
ck_8fd4937eadd64fb6,0.004302413340870954
ck_e0e90b196bef3c11,0.002250658864069855
ck_3dc4d464386f0eb2,0.08523393045140892
ck_51bbbf8f8e8ad005,0.9904390740955913
ck_c05737ab74cf03c6,0.04251724669670237
ck_dceabbe04d99afc2,0.002172743722563456
ck_5b86fd14e85bc9c7,0.5631134168818388
ck_d4febf0083800424,0.012834527729563663
ck_77d9f86dcf251739,0.015785703986241666
ck_b4dcebc543deaafb,0.019610284061830744
ck_cb856e75c949b0cc,0.0013181152192626763
ck_61b067de8ffc1ca1,0.030912272412323884
ck_c0e8560ccfd9dd9d,0.008915096743836573
ck_173e1198c341087b,0.0034304742787498797
ck_b4d55bc809000276,0.02375080915296174
ck_839bf139296b5cea,0.011059468446761441
ck_78cd402a2a4f2e35,0.00233666532254592
ck_c2925c50ebacbdba,0.005797191047051501
ck_5e3bc76eddbdb0a6,0.00458829012259048
ck_b7793edca26fc512,0.022442763570179325
ck_d79bdf04d6f31cd5,0.005270777077365386
ck_4b97d19ed946f503,0.02357231102671863
ck_37139b41c5370523,0.06086232394929977
ck_8c346eeefa9ce692,0.018441961716298517
ck_2ab7eddee2d8c49e,0.004388855968557545
ck_29da59ea3bffb9d8,0.22124172342005266
ck_c1d05ef0ec6e4be7,0.0055232616994827675
ck_3882423b449f6291,0.8791377343074759
ck_5647030283171ed5,0.6831908412624069
ck_efbdcd9c181e72ca,0.013105959053499608
ck_192fdad892782daf,0.06872385693810842
ck_0bf2e13b9f2601ac,0.048575230253965616
ck_3d6046a533057795,0.00997705742583802
ck_279a1d3a3836e5cc,0.044098538234882356
ck_c375e929becde422,0.006240796824674392
ck_a59e90219939a1f0,0.0037863383557695898
ck_4e9fba1ec54c3ff8,0.008795084434912469
ck_bcbd8588a13f5eef,0.0019087076460591772
ck_5f9a7ff990341bdd,0.004741538400820196
ck_e0403d507519b7d2,0.017023753919426735
ck_c9490cb61aff5112,0.03613759173147479
ck_41dd44308e6a665a,0.16411353205495863
ck_76c23726cd7ca947,0.011274199032511723
ck_9be551300209fa83,0.013438474684049587
ck_a98848eec6c9581e,0.04690258087787475
ck_61176dafb33b2d8a,0.9425337758968974
ck_92de019e05971ce3,0.03855502624040096
ck_5d644224135d7c65,0.010997873076968064
ck_c767fc454fa215d0,0.0074502944935533845
ck_5df85a8924e11f27,0.019859200549299957
ck_da2729307af06ed5,0.03759143542804491
ck_7c6b577174af7a78,0.004589240332466664
ck_893b8afbe11301e1,0.016234725370098485
ck_e06f6fed020ae014,0.009816964774713692
ck_386680372fb54857,0.004932020434800854
ck_7a7f3c4fe0c9d2ca,0.006007713606473048
ck_f908b527c4db422d,0.0337440043475467
ck_ec2eee6a133e9a6f,0.032506599005140864
ck_d98934f9fe0b02b3,0.0026803196719799413
ck_398a1ed77b0130e5,0.00558177857482468
ck_d960af7a55b892b1,0.012508254079934283
ck_4637e54a9f79e2e7,0.0049254639294644235
ck_02b9f418524f6650,0.007943665714820476
ck_d4b23804cebb045d,0.015186635999919892
ck_35b1939c48182a9a,0.02607313842396095
ck_2dcbb71e39d64305,0.015266725065365768
ck_47a884dec960ff2d,0.004173297410809192
ck_71fd8c346fde5cca,0.0553605685799751
ck_98e1992ac8e7d2de,0.07670047823655818
ck_ae7780327e210522,0.025468040430072347
ck_e6c584b4b1ad6d9d,0.012097486811943226
ck_344b2e326a6c3dcc,0.0027183259496802894
ck_9aa899a5230b0963,0.017377914038058082
ck_e48d14d5b70ef5aa,0.025628902538874915
ck_59d380a0973b3951,0.01637041917772191
ck_11318f7c041a5ba9,0.014207888771467227
ck_7061786fe2f22f5a,0.020177112678532966
ck_e77529651c416cf7,0.018916744964369552
ck_7f79878197340435,0.004048713113123403
ck_b0a0fb0ee9ebf106,0.010360823275178692
ck_70c7679199776a90,0.00945159210766162
ck_b9facd2210daca5c,0.040389043785789364
ck_9949f53c155b8dde,0.011295883150448707
ck_1c607e24f2c4397a,0.07382243396430911
ck_aefd1ce3ce093cbd,0.003861114811186376
ck_5a29b7018e43280c,0.0020112870411330658
ck_69eb0b2ccfbe5f95,0.016801274412066896
ck_fe037765aa465c58,0.005125589183347948
ck_5e512ef5362a3dd6,0.004636015589482356
ck_544a9e80b7fdc279,0.006724425297231482
ck_7825494e654d5695,0.022594210733559227
ck_f1f2c3c623553f0d,0.0024734601180804094
ck_52730906e5b461eb,0.8232504143189789
ck_01e0689157fe9617,0.7096686281996849
ck_9da82e567074da9d,0.03315678731873825
ck_6a17384072f904c0,0.011619807141791727
ck_8d84d771a21942a7,0.004969254877828196
ck_39638880292782a7,0.008099584179063916
ck_7d51c86e0eec72ac,0.034764770800456535
ck_45f4c821c70d134f,0.5173209896018766
ck_0af3c13ba56ce57c,0.0026751992619869942
ck_0789a05e061b2784,0.20627728217139274
ck_6ba091eb42ffa9fb,0.3163054516997336
ck_265accb3c5c32620,0.08480143094839258
ck_179039559ff7566c,0.051109009972039925
ck_17c0a6a92b5765cf,0.009373704727711487
ck_59371c9140239fd7,0.015744428736298086
ck_f9c4f8b4ce2691f0,0.008938885416321402
ck_a2637e4872cf4811,0.11447712546107042
ck_1de43fd6c6c22a5f,0.07364480593379914
ck_6e4f31bd108571f0,0.0019063428356353284
ck_da06d97db0b18851,0.0034122221243888355
ck_e0346d5081e640e8,0.0668570858207777
ck_c1c7d4e62c9fcded,0.32528569035191585
ck_2595669e421299f6,0.033446126465286836
ck_3b6057d51fd4c7d6,0.004482518642039614
ck_c5f8ab515840a0fe,0.015072106958376083
ck_435cb24538c6f77c,0.06017763616589189
ck_d84b5403da4cea7b,0.03477085379507236
ck_c2b61a98d1c8f6dd,0.8069630507931311
ck_c9dcd92b2f836b61,0.032749956571461306
ck_9eb5b3f5f672c2b1,0.002817032389785493
ck_e4cf189a8d31649a,0.0036614529811980355
ck_6b114f2a48152b96,0.003917122746712283
ck_3fb95862b70f505c,0.059118758420748284
ck_7f780f465c29398e,0.0026487802079683542
ck_ee387f9da79e67ea,0.024302870120678357
ck_fa3b1e85d27af2ee,0.0170876003403928
ck_e739eaaa7a1822f2,0.061852683295907394
ck_dfa0ac11fcb1dabd,0.006143439856503147
ck_6e8751b571ea54d1,0.020009092138401324
ck_2d695f8358383092,0.02006347422946874
ck_e7dce27edb700f27,0.009094658106011802
ck_e322da8b213eab52,0.004108267765352075
ck_d0b32e039abb8200,0.01133947577275525
ck_b354003302b272ca,0.007291777429595892
ck_f7485cba392bc294,0.22606650868041542
ck_d6a290ff8362c7b9,0.09405956576380416
ck_c56a44fe315c0389,0.005406279420458256
ck_f77dfe6512eae322,0.021715893119142793
ck_35fe969c58b9e70b,0.11137735308374763
ck_4c518637db2322d5,0.05052504062145929
ck_cb61902798ecc4fd,0.04045760239976526
ck_56e6cfa32156a916,0.0063250216003714705
ck_343e6ed2b9d35c01,0.006051230437623977
ck_51440f64f7250ad7,0.021105435141846
ck_295bca29c34cfe2e,0.07340260530044268
ck_dd30558576b45e7b,0.014670351911136137
ck_3a30132a57181fe3,0.03984485518961238
ck_4a733aeb833406f4,0.004834679790958265
ck_1b0b7c3d35ab1259,0.013504529198605892
ck_962c3bbf27cd4b80,0.05743426427268186
ck_9528e1d6b1707870,0.04148198538052034
ck_b3263e7f31aab45f,0.02892656615082971
ck_e69195a3c885053d,0.0031481987948598095
ck_a907fa8795cd4baf,0.004866108616503857
ck_205c3405045bd835,0.01001736296716437
ck_e81fc223bed3c46a,0.04141526689876314
ck_363751deae40edfb,0.0784689000328534
ck_6176baea8cbebbb6,0.010114170079549394
ck_633e6579f5c74a5c,0.660237705688118
ck_ddc11fc481eef58d,0.0235017583315895
ck_e975002c979e12c7,0.059522120596531704
ck_8e039b23acaaac00,0.03628780351917079
ck_1d6990d94a4d2ad6,0.03072782698887684
ck_e7b583acaa3171a2,0.02455831896583822
ck_c0133f60d39b2fb5,0.013271945865190456
ck_7d6bff85e7a694bc,0.003917385649745399
ck_d305b4d82f63f647,0.0023686705296963903
ck_22bd0fc71f95e048,0.03810621472182984
ck_9a65fcfc7916f93f,0.0021074014149217476
ck_d61c837b0106085a,0.05552063267475513
ck_be86a1db08dea456,0.018318350573341132
ck_90489c405e6886d8,0.0029384112026048675
ck_0add2c321d579d75,0.030408164464964568
ck_482dea6eed92cbbc,0.022077492286341382
ck_c24b47184534cc2c,0.9724645631720774
ck_fa04ac31e596e7d6,0.01750418118787951
ck_084322dc5a3a86f0,0.009124396266569917
ck_ccb72a33cc1877b7,0.01725029607152387
ck_afaf374009d3b248,0.008877675164017877
ck_b53084ffede19a8e,0.0014588985707122155
ck_4760216154c8cac2,0.6215549547637593
ck_37ad3a65db673e70,0.0033367905963355877
ck_0c2932cc0d553694,0.006029988136328011
ck_86b853c52f20fef5,0.005075551714895842
ck_38703b7546d35a80,0.05501993349867281
ck_218b7e6e6dbd2da0,0.0035550783254255113
ck_402db4184982fdf5,0.013309625355492053
ck_f917c82af80e4a79,0.04810514491217722
ck_3c6417a233c68c73,0.035734964475350156
ck_98068c397d70dd3a,0.02656117376283729
ck_b1cbd6679c0f8d95,0.007591507402461727
ck_9e962f9bb0e7bac2,0.006625327010740617
ck_b08247c3ad567d92,0.2650167040392859
ck_3ef7a03ebb81cfe3,0.001918654286891984
ck_5d7ae0e3562e99bf,0.03614429697499557
ck_c91a628236baf91b,0.1954072514816155
ck_7f8e816ca51755e3,0.41702856917392933
ck_5aadd286d188f5c3,0.007284788736145999
ck_a037aff5f8128c73,0.005810725921915395
ck_5df6529ce8290906,0.009766228067426828
ck_5f3609511443e5a8,0.004979007377847555
ck_a6f61864fac3c8fb,0.012849439113649433
ck_2733fc6ba23ae46e,0.015161251225576067
ck_22bfb9246646eb41,0.9106568766429622
ck_bfc2a57d8fd1610c,0.3220032586698983
ck_49839e761d0e74e9,0.010807995255914771
ck_aa4ba931dd37481d,0.004537799975249765
ck_2f9fa0d61829f815,0.019902385835202218
ck_5b82c774df10d49b,0.0012633959860823584
ck_411219470d0a195c,0.04195994778860782
ck_d07485ba10514a2d,0.3376995841521273
ck_219bef979ee21bdf,0.002669769030060394
ck_eb1006e7285184a6,0.027962705766005704
ck_fd242b18575e3063,0.0244979951749949
ck_95188150ff059c70,0.05152722007839237
ck_a9ca2f447b984a6a,0.01571469634027226
ck_2dd39723c4088b64,0.011977157857509737
ck_aa2b4c662ff213b6,0.016560943835614433
ck_1867b1199c864db5,0.042334864683122274
ck_850ec97a5a0dab9a,0.009676886822315362
ck_562320295fa35875,0.001613821368788765
ck_bab5759b07fe2bea,0.006296330380884081
ck_b9f1465d803e57b2,0.047826878835997226
ck_8f21f2690c32c691,0.07332053441248748
ck_df87d6f61a63eb21,0.004101550035690214
ck_770475876d0e7e6a,0.005151648412525458
ck_b4c014d5c0cc9eb2,0.010881707236349576
ck_3add4d23124c9290,0.006145538958891424
ck_bce5b7fecfb6264d,0.29865037230034025
ck_604c17cb97dc89be,0.04889037870486792
ck_e52cbcd9aafd26b2,0.007416450319888197
ck_0ac9114076f5bf3d,0.010258536227351485
ck_dcc125b178b79566,0.0018823425608413184
ck_4e333c09f0c37dee,0.008053800779322584
ck_ff7e31ff8ba731e5,0.006681752061809115
ck_8d0532d24f1070d1,0.002359243897559803
ck_3689fa41748a6f6b,0.12045303751837395
ck_7509eb97c1948b16,0.00809656148327328
ck_a9161cf1ca22a6bf,0.009488213977448272
ck_bed3e3db135b782e,0.05018513198252228
ck_9040edd974ef8e3f,0.5119803845058519
ck_fac32d76ed40f683,0.030315701481433432
ck_3d7b1078e2d57c69,0.005498785725301636
ck_dae09c4e074af5dd,0.008395234231167429
ck_fd84507228467b40,0.04788776763396955
ck_e2a2ce9b8cf44c63,0.013451307552921829
ck_cbe716f351d660d4,0.017294716082627157
ck_cba4162ef29a6d27,0.01310168777787239
ck_4f1e962ff8a29732,0.004906568663745523
ck_39a81899dded61e4,0.007778638510811534
ck_25382331551d22a5,0.030967041117517444
ck_6d64e1c07b19856e,0.02114984158507995
ck_165a868bdef28ad3,0.04041943625244161
ck_88774ae52e30e877,0.02703475111437335
ck_fc7a9d0643570053,0.0014962508250711398
ck_c2017120b3b88a46,0.004078671818025892
ck_d115ac6b9fd62a7e,0.010609177635285544
ck_439cf7d51ec7de0f,0.008367088652019844
ck_2468a7e9e68a0927,0.006947010672387117
ck_7c418947124dee8f,0.07418061312455206
ck_fb0cf32c4a56f740,0.008690952989882919
ck_694eb6c43193afd4,0.014749187134645942
ck_993beb188dd4abb6,0.0063229988125029085
ck_77fa39d3b733c226,0.06552174302719185
ck_49969a9abc47cb69,0.015722101815320702
ck_d3f44bbe2f7e9b2d,0.03452027575546048
ck_fcf5b8216d0c18ef,0.0015373386792656423
ck_daefe1e2d2bc362d,0.009547606479758849
ck_9c9287cb28950eb6,0.04588285015550516
ck_c1d1a625b885a975,0.014591167160668023
ck_71b37fe47490b4ba,0.003543672953001222
ck_5d16e257c0635f7e,0.3403065802216038
ck_15918075563eb074,0.0027513928906731044
ck_9a15fdefc47e8d11,0.007824160642300036
ck_6f04d047d1dde75e,0.0017791448409267031
ck_1af2c0b3b8d202c1,0.012079773472977055
ck_174be2231c5fd2b6,0.0017738949866088931
ck_bb0713a2a1d65982,0.008100221604609601
ck_0daec63bd5b0729d,0.045651166052508706
ck_c0b5cc3e8ad2ff44,0.035934763758335576
ck_35bee1fc12664644,0.15100439085567882
ck_a1c7cf63467df4c2,0.004128489273096825
ck_ecb1e15f0b185ceb,0.10876335267472927
ck_f280d31f54a4710a,0.014487143234447324
ck_30f4b2ee8abe1342,0.12167681216920923
ck_66bed631354de5b7,0.0060393808013417425
ck_c2d3ecd7278eba2c,0.00381728615099903
ck_e901dec0e09eccbb,0.002488592207061154
ck_5d038ecb3c8748a3,0.0047273886336948534
ck_283c5bea94b21e80,0.0034092213238786097
ck_7956c251b85f009e,0.6170962099102282
ck_9f5f81d771146aa1,0.002292648461644929
ck_9323e6fc1e168eda,0.8222897407122285
ck_10495d3a635b8d69,0.17706720870992668
ck_1982d571cd36eb0c,0.012128526064954473
ck_4f5d7985bcc2eda4,0.004287122541575135
ck_7df526b2b4410bb4,0.04326004773122899
ck_dbb498b1a346a402,0.0036238016996306657
ck_ef059997563e3330,0.007638099518297292
ck_02ec4e06709e6b82,0.0060289517962385415
ck_9782c86ba6485f88,0.002636063913751711
ck_d69de468b44143ca,0.006416221211244414
ck_6430a8792f400e0a,0.0041880550498077035
ck_8285bd3c90af94f6,0.006844197145455341
ck_985c9ca112000e9a,0.03218421337539101
ck_e679fbf4f4f4aa07,0.007919731214429687
ck_016e8c8eaf9d511b,0.05767691152313429
ck_bc996c523944644b,0.030500595663226746
ck_5b8315726f6204e0,0.011604302615107405
ck_78181f8e998e442f,0.00522963401131328
ck_71c68dfd011dbbbe,0.6710026642176423
ck_db32c95ce2b6f502,0.7531876070104166
ck_755010362a9b1bc4,0.002895182934691456
ck_114141d85256c9ff,0.0016535915312596283
ck_9d1a5cf5a3b87e48,0.011265038309143114
ck_ab640420858ab5c4,0.08111776356108745
ck_97a8dac48dd62488,0.2798068769574233
ck_879cc3166fe1bada,0.0021135896974594447
ck_b0ed11080076e381,0.009933591420545914
ck_7334a9ec656263b2,0.0072198030721949275
ck_6494f0ef13ce44d9,0.009251014205552436
ck_724e459b9ece38f4,0.014107799175350606
ck_7fd8b1470401695f,0.5695608488056567
ck_292f81186358b0fa,0.008235510333532278
ck_fa7de64d37287615,0.030766528214628486
ck_d00e09e66ed6458b,0.1490897191524273
ck_b8d210e741be186e,0.0036286533810181956
ck_3db59982cbae4410,0.01777622526384259
ck_69887d0a9aaca6df,0.0025816955717570377
ck_4feb21e2fb0b3977,0.03730384792088875
ck_08c6cc1e143475e3,0.0037392219067697557
ck_fe6e168cdbb46b9a,0.0445167419267887
ck_07f1734be7fac56a,0.05311169799400375
ck_d66d59981307db93,0.017638560932678533
ck_f928dba0d587d7c1,0.004270666891242027
ck_786448fe3004cbd0,0.0027759646478078743
ck_29ea329fa40ace62,0.013863560779881712
ck_7ea52b6f27edcb73,0.0134929689911115
ck_18bc51bbf3ef198e,0.04206622625805531
ck_44950df09ff14ded,0.0021678965273098046
ck_c1466b52c0a10b93,0.011099301763535524
ck_6cdac067cc4db5c5,0.022603787993455488
ck_53f55c6e8cf2d432,0.0020131715233488723
ck_95945f48453ca532,0.02272854672884551
ck_87cce4126e215153,0.016455274539597182
ck_1ecd5516c92caa4f,0.006162170651068885
ck_819b482bca14c068,0.34682047585516557
ck_a61a879dd46fc9f2,0.017939725007716078
ck_af70aa32c009c3c9,0.014839310003817158
ck_f4fe78e249092ab1,0.04250921545763183
ck_12c46bc52bf45b36,0.036086905574069315
ck_f05f5e4b40afa52f,0.08141282159859664
ck_0f8cb09d3f4fc980,0.25306228615659093
ck_80a64a7f0275a71d,0.01970203401182194
ck_683af7b1540a0b22,0.10924504123470248
ck_51fe0b613c076cbe,0.0037087367040111153
ck_da1a2450219dcf19,0.026600039030559918
ck_2a7eba01ceba6c2c,0.17437693039037885
ck_4e329e29dfa743ea,0.2550465388205157
ck_0274d881d6db82c8,0.006721741412121891
ck_0af5b7d128035b35,0.03269363972664946
ck_ae0a7be6b0a0ea68,0.009344778867166304
ck_de5bb7a4d091386d,0.18604053471294354
ck_2bb7c17168a9d17d,0.012255925718760894
ck_0ffdff7b2f5fdfe4,0.015170831603577148
ck_718a8390b3d42d7d,0.004090134137674721
ck_7c4f12d70f184533,0.002210459397462926
ck_d3e2c26b8adff099,0.010361774984578262
ck_ac9d3d9754104cf0,0.002432998313703694
ck_3b1766a1d51f8f0e,0.16254388178999682
ck_a9bf75bea912027b,0.02899542827530403
ck_687eab3ffe1f8cfa,0.040878483502841484
ck_25dd0b02af5b2f37,0.03385520066910948
ck_1747fcc466f0ae38,0.0027667722783628647
ck_f6e9d14dfb6f3c28,0.03784768276889901
ck_c6a7bbd0adc4d5f3,0.06078058308358466
ck_46656a23f4456d22,0.7810407505963789
ck_7519260415c2998e,0.01948612158940155
ck_754f30ea19df857c,0.026109488989433802
ck_ba88a244d5f7380f,0.03076463019586427
ck_f268416945316815,0.01563986793105724
ck_21860dd2159dff28,0.004611085681211339
ck_7a86ef4e2beaec38,0.0033047260821250173
ck_0414507baeea936a,0.03060953394794076
ck_60796eb60fc3043e,0.011163774849556987
ck_1e0841ed17fe0562,0.020991507162179388
ck_0d641d32658d6e0f,0.003943554442080303
ck_b36086ae6d87eec1,0.007067415288496046
ck_962e65ab33b5c311,0.8702960757604853
ck_b046a42684468e63,0.00880380779504885
ck_ab3426435b0017d6,0.037639116006127064
ck_fcfe06e44d09a344,0.014927951309930318
ck_0f6d916c92189516,0.013273902407042473
ck_d4c8f0d957c3965d,0.018253084353603316
ck_2ca83dbd728af019,0.004985053508373951
ck_2857a4ce9f72fbfa,0.005365002421521174
ck_a60e6edc48e3d0ac,0.21530311782442393
ck_0cbd3b27063d4415,0.1675250412764673
ck_612089ec90c37219,0.007940485921230906
ck_ec4e597f17f473c6,0.0027064131093110185
ck_1c93cc58f314bf71,0.042015560502143674
ck_2b359a979520276e,0.005170549622000804
ck_1496568ddc3b2d56,0.033065408652767705
ck_41d91dc9f5063566,0.01529048585290489
ck_4c5ff58afe3d7a67,0.0024662644809719746
ck_81709736281fa3eb,0.003767769738205858
ck_d89abbab3d4957aa,0.007951784808778
ck_52453401f88935da,0.022181532107338742
ck_a477654d34783e06,0.004324022566728185
ck_72dd0dbdf808cb00,0.026863752656052776
ck_c183dff3781746cb,0.1019592199938112
ck_c8b7f241810b45e5,0.002537605294876835
ck_f88028c3f306bc70,0.015203687315061122
ck_91d48d69e4f5d9c2,0.010422066150760129
ck_b74b9ba6d7c9aab7,0.1844300937046237
ck_03e904682dc73bba,0.009024157935684894
ck_fc6fed6ea96a004a,0.010914537618161753
ck_51efdd240e34c642,0.040594911674977356
ck_e78ab4ff52b5fd2d,0.006888443950236567
ck_4af7b97c24d89a45,0.02166766885403258
ck_295c0072eca7f7a2,0.0058967085731898225
ck_8abd1a50a9227463,0.035881254405737154
ck_ecaa6f13304e3dc5,0.003472615105366029
ck_de436e7b319be1fa,0.9874202390277693
ck_c802cf8f61466027,0.003551184682595677
ck_3d83e0a3c1cfbf8b,0.008880368405913336
ck_28d2003c2d16e4b6,0.001637602926916809
ck_8ddaf745bbb9cd62,0.0020974330785854395
ck_493b6256091014cd,0.05230769238783963
ck_a2245822cfea997d,0.006922744893964781
ck_f7305b3c64cf8a03,0.1470471381260972
ck_9937dad93a0ed3c1,0.005830495129343601
ck_d654449f9231ad76,0.0044697302954615345
ck_850e2b59bc535490,0.03715858581988308
ck_e55e5bdfc0242aef,0.015668777029187956
ck_d35c51e981b98c5c,0.009309947831888932
ck_27cdf9c5e6f0915b,0.012851660139608317
ck_d328db1e1052d820,0.012339339635694772
ck_0ea30eff5f361cba,0.005655823247939705
ck_9994323f97109f4b,0.9629328687626751
ck_09054e97bdf9624e,0.004171281672104492
ck_723b4afc388113c8,0.005603004535025324
ck_588f6e6a6a6d93e8,0.02242401339183597
ck_e1d563fab4d6116a,0.004040594405170852
ck_53aca610e20598bc,0.010173543710105506
ck_c8131ddc7ed33448,0.006409816048273002
ck_899f88464305824a,0.016445962579464932
ck_1c17c65804f8889e,0.015792336368641247
ck_45a16ce12893cf9b,0.009808457395438838
ck_f9d481aa4f9b2808,0.5421047758555103
ck_1d5d74169cf892ef,0.034718366670277216
ck_aba32acb61c1aaca,0.023295816828918545
ck_ec4dd3675a8d28cc,0.010481186833445857
ck_5dcd443fe0bbdeac,0.0037483006752688126
ck_3a47e3f54475e854,0.004943836797083847
ck_a9aa5c344c315532,0.012686165306551506
ck_9652283c9f61fcec,0.004226371969378547
ck_752dd3d2487f78ea,0.010599028684037878
ck_a821980ac4db9943,0.6964171171570621
ck_93e0d6befb67f7a1,0.041643371865526885
ck_e7a3881c3e36bd51,0.27966871313839015
ck_12631b78f8a03df2,0.0027515937642986865
ck_57b8226610b48854,0.0036101817375593596
ck_352657008983fd4b,0.04603713306803801
ck_0841a5c24fd3dd28,0.0203854606331459
ck_db9b9d5d30f74070,0.02722363005244433
ck_a9dded7f6294e44f,0.1439424359007213
ck_91a16336ce3217dc,0.01827618065728418
ck_371bd9388b287677,0.0023936375743022383
ck_f285e5e1912a7c62,0.0030787795380899717
ck_368b65fca69fc415,0.05196367238463883
ck_d27a73596b6500c2,0.03076579582118327
ck_2d963f9b2c4d11e1,0.03218656051724718
ck_7c500e219af39486,0.004709441637047768
ck_7d025dea5951cba7,0.02651966141546946
ck_32f632706608859e,0.013217490387045158
ck_53816231f3ffb48d,0.003327135994215307
ck_9dbe184e81c1ca8d,0.14090535122432402
ck_d74123617f22a21e,0.01102113452795795
ck_275386782b1606f8,0.0049734842090886555
ck_0b0e79d33e50cba5,0.0070495332388334055
ck_ba93cb604f792915,0.018443733082730646
ck_a86cd653472eccbc,0.005333345016744667
ck_87771861e0447210,0.1505377669469735
ck_212380e0371d8a6d,0.031789667251890814
ck_ef0d702d7b0ed745,0.005243600208761503
ck_2b8f33e22f939372,0.8072668936557802
ck_480347ad92037105,0.0098222449523541
ck_20124c3a16c53ce4,0.008977444961803464
ck_c9e1e3229baae708,0.03064630265763262
ck_b1befe967f7a5ebf,0.04380445004864808
ck_4672167d7c989bbf,0.11667838868045081
ck_f0c44ee5e3a42e3d,0.02809085217258353
ck_c416357d20238a4e,0.008596845654304288
ck_d0f470f8078c91df,0.011342905633317269
ck_3a70b4ee59084715,0.007014103224039559
ck_179ed66cdfc1ce27,0.004873237410337814
ck_387e5a7f163c7837,0.012017993877383884
ck_08fb463e69f647c8,0.9849355545624615
ck_732f725747393ec8,0.020850107154215397
ck_7cc5e0fa3ca5a713,0.002728008480372501
ck_ad4a4daa826ac68b,0.44360153709817624
ck_472e0be7a3b533bb,0.03482755511072265
ck_7190177963eafdd9,0.009362993242762706
ck_647ac26c5900f082,0.006765794616899014
ck_272ae2179bbd8e58,0.005024879595823833
ck_09b0d8af304646bd,0.0016165741213395772
ck_ca0cc8ea9f344408,0.007243843424839056
ck_332ad134fb909869,0.006912381286993422
ck_fca2798914627dc8,0.04196795764993575
ck_4450b55f462ae134,0.004308731342072184
ck_d67d9dfb60b286b9,0.002037775880302139
ck_a9d2bb4f2bde7052,0.0075195936091649465
ck_929bcae878a3ecb3,0.6629749746812412
ck_59a9e000fa275e1f,0.02410216445830227
ck_57f17254e2688637,0.011300986942858382
ck_0508908697f60ce3,0.10687199101335092
ck_946afc2943298d26,0.004621162132325511
ck_7176d12b18f2cc0e,0.02267741816332285
ck_5c47b49c26cce286,0.01587414947083591
ck_b6a2bdb2d335e1d0,0.987156156050688
ck_1d58f6caaa4d012c,0.014380921828966872
ck_71c917295020ccc7,0.006356593031541835
ck_bc89644ae3688995,0.00781901611167039
ck_e7c212f16d6df272,0.008282530645108246
ck_c6d2e11a368184e6,0.005059377962937042
ck_eed7f1f7548df15b,0.0073754367585527935
ck_75b69034000ca7bb,0.05140500672669576
ck_38da3bf629458682,0.003533268174357323
ck_90114c891239d821,0.0018947990000361024
ck_8ee08f6777cc155b,0.017675052102034614
ck_bd86132499defcd0,0.009308140747526
ck_b95fbf2b5640aa82,0.011348575891092854
ck_c530235393360e3b,0.0050814222335093685
ck_be52a7ec43241ba4,0.12634350770216524
ck_d96eb3cc55f2772f,0.02888761857904629
ck_dd34f0a844fb115d,0.11356746214689095
ck_17cc7b411f448e66,0.03931465033356409
ck_856ea65fa27d06dd,0.035937388665168324
ck_056d5f0301c30902,0.21745452646803828
ck_e662b14b2bab23a2,0.13211934963216268
ck_209f574c8d92274e,0.023769228715620896
ck_62720b81617896cc,0.010597185497580888
ck_041614694b77e599,0.005157195510597692
ck_461e3f7b97db8d16,0.036241416293137124
ck_1b74b798eebeabdc,0.01223784769056858
ck_0ed2739384f1d644,0.006403915591102843
ck_5a4d19f1b83feeb8,0.0046494992861769655
ck_463937167965a1f8,0.047709624051254874
ck_9d7151dbdf100e0e,0.007527870504706743
ck_20a7d1ce6cc27312,0.006717381610828112
ck_6031211ff118cf0f,0.0018485445587863147
ck_a6fc92aa91e99b77,0.9224311884357047
ck_0aaaa9d2f75a0518,0.010583968929706469
ck_ec26e327cc1848b2,0.009436738060972921
ck_0e6bebf8ae9b9b03,0.021715131882998926
ck_e107537a4cb738f4,0.01063021548828915
ck_e8ea56e122a5a487,0.025870060933307886
ck_98149ed45d38c4d3,0.014553344265651774
ck_0e719b3a6906b8f1,0.0017031300766254208
ck_0c6e7bd357e4a348,0.0015919847856674491
ck_d3b2b250da61db19,0.9254713229967497
ck_8bb6b0a292754576,0.2853438838543155
ck_87d70f5fe48a6128,0.01817227484820853
ck_ea9edf9c107d429f,0.014989927777477588
ck_059806c52cebe4f1,0.282118898585705
ck_a72d6df666e1c21c,0.014375630240932446
ck_1d2b80ab6c4944b9,0.006851770547023561
ck_60557f077abc42ca,0.2691612984837589
ck_e5f5cb7dd6ce4a37,0.011529821487257222
ck_4c4a939154446053,0.004492136339949111
ck_50ede3eb561a202c,0.020843058725055614
ck_6d03a542922b2ae8,0.009298063894054286
ck_d6fe761ed0db3270,0.013513566583773126
ck_7f0cd6ea3096f985,0.004239069689738987
ck_23edb6d938a3b87b,0.005873050251439793
ck_799aaf9f2b9ef621,0.014458160013912216
ck_f8f6a03613b6dda8,0.011045481212540323
ck_7cffb189f4f514ec,0.8968414649305038
ck_c081e1967dcd811f,0.04323648842786112
ck_583d6ca78c97d91e,0.32482380622564805
ck_9332bbc7125219a7,0.006401608773294275
ck_956b5af6d7d86c65,0.7761873516955867
ck_2d634e3f24681c0f,0.018971937502380753
ck_7b35d218ed0c5a60,0.005358210600066763
ck_ca5b1057f8248f73,0.01681706474017977
ck_ec5ea81cf813597c,0.009375681852207518
ck_eaebaf4d28400fb8,0.021017619890881124
ck_ae2ab6be219219aa,0.005233368368458692
ck_d99a8b4c820eb46b,0.003790601704190046
ck_bcfb7ffb7cd428bd,0.009321683389689252
ck_3dd542c2d31be2c0,0.010646934054176445
ck_c7dd84401e29a7fc,0.0035017065079828136
ck_c4bcc7cefd40f8e2,0.0025878897965489578
ck_c251898b5d51e3b0,0.024876951868037272
ck_36d37be780c1291c,0.0037513079962198255
ck_99b4f266b61ae7ee,0.016904653749388206
ck_c37f03995f0f0169,0.0014862403444898566
ck_65a23ac8e44eb901,0.0043703318780173315
ck_644b1c1149eea9e0,0.020961011192122347
ck_9cf44eb0237c2429,0.007465091077751187
ck_20541686a94fb71c,0.0528949590306912
ck_c18245be844680f3,0.008989250194786406
ck_56de216eda6b7fa6,0.002551519735017379
ck_406c4442dee45cd1,0.002278890830639672
ck_df1585c7d72a96e0,0.0017256006685757216
ck_b8e8dba20676d87b,0.006169111991444923
ck_0ee6965e68efc177,0.03497218531370103
ck_c2a5c54ad8d0d297,0.026437445721215164
ck_bf6fb7e6470e95cb,0.0027710476346370534
ck_27fa694569140345,0.0017664751777510563
ck_e04166b0ce66393a,0.009171503413954825
ck_8742114f4f0cb22c,0.06195691713201685
ck_6eceeafd56b42576,0.10309726317042762
ck_34f9951b0eca1965,0.02069513130680873
ck_384ccecd342a24ad,0.0015405324668229202
ck_49c98bebd1338879,0.003615564519499599
ck_6c26c12071c91ff6,0.0037550790504201907
ck_01e5986ebb9a78f1,0.06616394664618691
ck_121db7ba3be29ee8,0.04920900371226924
ck_039e6d5a330cea1a,0.037909758391962256
ck_ae8c9163cf957d7e,0.009242763363677263
ck_3f5e8f3f1df0c8c7,0.0325454472873879
ck_b1c51fdafcd80122,0.032876943545354004
ck_12e2b5ebfe8986b2,0.009577506307512862
ck_d55eb81a4d543c59,0.005026195813505816
ck_f85155ca5c312c7b,0.019171730866940837
ck_133d8a1ac7c0e301,0.9750683069311264
ck_04212a9bb9b28696,0.9906833885054978
ck_4cc11c7d3ca61f73,0.0028313271646301084
ck_2df4854186ec515b,0.01226658884574259
ck_aa9b28e7fc43af79,0.6464036780672721
ck_47cad6c3def4c9e4,0.002715818942420917
ck_fbff7b5da8111567,0.008667292019006788
ck_bd25ea782e375b22,0.03833329404364124
ck_7989376f8cf64a9d,0.008928135499701692
ck_675c0ca1ebb1051c,0.006073206464169571
ck_1436f6e11d4008f9,0.02058560713230029
ck_812cb3a4482cc618,0.010601037740486527
ck_6e606f73a1094afd,0.0038435287583993526
ck_1b708e2a4a0584dd,0.024301397024910704
ck_a60d6b324bae0330,0.02128480227799272
ck_706a4f673a9fda3b,0.3837330991473516
ck_a75ece9a9044eed0,0.005644774447372929
ck_9aa45c4e03c8c57a,0.06318529481273079
ck_9fe9bdce982b312c,0.043228504466338115
ck_c6fbdc5ba68a8466,0.009711537682286496
ck_ed0cc1b1c28f9511,0.03205120659291315
ck_a4e2607b4c8021e8,0.0013928272540365619
ck_e02f93f51cc8caf3,0.005802129842755091
ck_7084ed3cf20781b7,0.03217873463627564
ck_cd4c63155570d6ea,0.006714690396009267
ck_d1b9e5d32d2d789f,0.0055757578600330385
ck_68f56f6560a7a933,0.0064977505153686055
ck_8bedacc6233c6269,0.012479544060736626
ck_ab7cb50407d6b13e,0.07097147470736218
ck_f17ed7e0fd687742,0.05390383628751258
ck_b0fe4b92fc70f72c,0.006357618117180518
ck_84d62b8196da2452,0.024569502450808894
ck_9e298cae167f4693,0.004251708724640754
ck_405b20ef9ad0ba5f,0.07083769580494371
ck_813e02e1ababd177,0.012756504361781842
ck_f234ab47061ba7c0,0.002310072363840229
ck_22b587c18363899a,0.006204739373558411
ck_4e862c2f48c38aeb,0.005219271254753394
ck_b89cb90a420c9075,0.0049753410608993865
ck_be2251640f27a3c9,0.17918646010103859
ck_46bec0bff167ed3f,0.020133146923487676
ck_c0032232c2868328,0.005312267877854781
ck_030cf09525dba4ba,0.002452807240933262
ck_6ecf56236789fc09,0.9549957890027415
ck_38d4ed52cbe6d123,0.031863052742675375
ck_2d923d957ffd4d53,0.012462455152690921
ck_3af1eb88728ed8c7,0.01775982697697122
ck_2f8120ca80a1592c,0.03402374909977766
ck_6cabb1a133f0b151,0.00938860615172295
ck_bb6cf7e7b707731d,0.8903098021881531
ck_c8307fecafa90140,0.015118319763730343
ck_75f968be67f46d24,0.016383761252668824
ck_df6fe4ec5a233213,0.00248324427738042
ck_b53e88c0e927d896,0.0025214330897936244
ck_f0093064aa28f4d0,0.02635467737608892
ck_ec9976cabc63ff92,0.004342941059929927
ck_30dac0a58c5590cb,0.16237317734463144
ck_348a525791ae6475,0.05442061868603027
ck_b898d912d1181ef9,0.017299363340590002
ck_f5b1200dc6f95760,0.04394262776148836
ck_54978a073e7a0b1a,0.008639768814816397
ck_55933936536a4071,0.004266753999279469
ck_d6ba7ffd2ae08863,0.006669269571982143
ck_404e2217fd87fdd2,0.0025491677962367876
ck_dfaafdaefa5716b6,0.07952455718261968
ck_556c62e92d4e7e5b,0.09445760091391509
ck_7ce44f4e06d58111,0.16768635453231928
ck_465cb8ce232c7670,0.007251386639258515
ck_237508ca4fb37268,0.023904150873712133
ck_ba4a6b9aa63964ef,0.008891153384400404
ck_4802a0a7a1882c88,0.5256145470614536
ck_9478dfe4114c30f6,0.00530358244761039
ck_5138f6c575dec64c,0.013853442138477723
ck_aebb42afe430e2e9,0.002902575905489972
ck_004efa95555437e9,0.005523617702966853
ck_11af112667c98394,0.013889426794885034
ck_44e9a18a8645c9d3,0.004049478474864469
ck_2605fd571219e28d,0.002314042156312598
ck_dfc933493561d84f,0.011035750894672888
ck_67674348e68d1f25,0.011695288237209396
ck_dd97429277a2fa00,0.024048966553294058
ck_d3eab7a06eb48348,0.02620370645555482
ck_0b9fcff9667ec05a,0.008218065820575054
ck_fc4bfd6e739bddea,0.0027584889440935598
ck_43292f70a03ddf2b,0.07817758140063384
ck_5ff6108056a3fef5,0.012671723046535825
ck_767e0be086b5f601,0.023491967964911653
ck_b8465b1a5666155b,0.04710659846423366
ck_ab2e3fc56f5b3aae,0.08699329002087464
ck_1833c81d693c1e07,0.9028155018638487
ck_0308e0602b856445,0.005532432317428548
ck_ccbdfe744acff8bb,0.007400614877955149
ck_b294aa27a0b586d7,0.002236618404921743
ck_a3747201f377626d,0.9337989508947452
ck_edde1d7d1db24725,0.023497836099011103
ck_ae3b47d6e1063704,0.01712478901653842
ck_3aabf5e0f4defb41,0.009983562608556281
ck_f034adb57391f3d7,0.016940722448685285
ck_533672fb40531607,0.20429665212151946
ck_2a244f1ae08ef83c,0.013953163949607291
ck_a35d81bcc54ece2f,0.011268701271991978
ck_78a61215675b38f0,0.013609343761654074
ck_e013d88ea7939616,0.010165463435158669
ck_e5018f9418e0102e,0.04548048012873048
ck_d4e024fcda401a31,0.006100593291763421
ck_f736cffbdb82db34,0.001432745691809023
ck_1507f5aa50cdf3a0,0.01680240358660505
ck_18270fee7c8fcee8,0.010440507926070652
ck_95ffa1a805a1c9d1,0.008357720470728473
ck_11132d245b94d045,0.007227344031122361
ck_7b93a622e40d8b14,0.06010465590918798
ck_3854c08d17704347,0.18562423270438308
ck_7717fcb100dc4b5f,0.013982591945777993
ck_ba54e0a1c328119b,0.5663221925974898
ck_a7afdac4ecbf2de4,0.6593806707605715
ck_ecfb771ed2352085,0.015931373676684225
ck_68be4fefc85a6b64,0.5669380410657867
ck_dac7c50bd6d0148f,0.0015209150267274643
ck_87cf36a03bd63c24,0.13699030271863388
ck_8adb40b168b59d7c,0.048825668162713616
ck_8d2f62930777416b,0.0378094974566655
ck_9958b58da9e3c21c,0.06340449361990218
ck_9440335375701f44,0.017189585976604308
ck_e2f88e202b6f700a,0.017403487335476354
ck_4c7c50684827a2cf,0.004175035500374566
ck_8a6ea4a79b1c7a8e,0.008548286608661184
ck_186dbff4b24a3bbf,0.2791876556521203
ck_220fda3c11c59b6c,0.06853061289986496
ck_3acccc69f8b1fd14,0.06638371955430793
ck_9de191bf79afd676,0.007052863901762618
ck_6de6b1663f9457f4,0.001473792301007474
ck_062754f8b79b86e5,0.0019016287225823586
ck_aa153a89a52f7eb5,0.026638598015155394
ck_34a6bd3be642f15c,0.019919070911994224
ck_9371c700d9830326,0.012190146841142597
ck_a99e0c258ad7576b,0.0038805476191016044
ck_0a7ba51d626e932a,0.030471202965040856
ck_852c50bbba1ead13,0.10448476580433795
ck_43dc13b6b6d31297,0.04590808884838309
ck_7d81b59d615a6649,0.026836198514511883
ck_39a3f1da060e88bf,0.014069271069794645
ck_6fb2d142c09ed3ed,0.07120035822505862
ck_6e5752b87324b58c,0.010525815692720928
ck_9441d48a12e8a4bf,0.267458913737543
ck_09e9c51eb538b255,0.004729022610974471
ck_8d0cd981ed3a183a,0.03673174321855529
ck_57c07c45269ca8c0,0.012664802010617869
ck_ccfc9ab888ba933d,0.006629299938124426
ck_9658a6ef471053f0,0.005838168424273604
ck_dac3852758f4ea89,0.003182246057518705
ck_b1ed2278f5f14d82,0.023844871378393515
ck_333544d173524f70,0.0197721895856651
ck_fd4582e3853ef23f,0.007647017928980294
ck_614d936cef98db04,0.003241216837395242
ck_6bc351a3d57aac54,0.033686065472681104
ck_af5842fa7202ff25,0.014626932039032758
ck_81307759252571be,0.005859142714478481
ck_b4d2f02d2cd45720,0.4585045787180153
ck_1bd753a4681946c8,0.9613944143962586
ck_46d8c029d46867b2,0.005138410010278165
ck_b7da6640fa2f49cf,0.527511701320963
ck_9ea3d5a5a91fef9f,0.12583482845034247
ck_7b922518f667f76a,0.0014675010670298506
ck_2a5b31594206eb30,0.533102314950792
ck_d9506476ad3f9e08,0.01653811602428355
ck_c8791f7ebd4d93c7,0.01416652526276343
ck_b5a3e20fd210017d,0.013544377466750622
ck_8e54386f4fe22cad,0.00826563035047482
ck_75296704f5806f56,0.021564231151024345
ck_0fbbc7a6af300368,0.005962420563595611
ck_d19bf4dc0627113d,0.006370257634879577
ck_7951bd4eb99a0175,0.0026503948234231967
ck_059e4fac6b7f704e,0.004118188567835556
ck_2ce8931af02a2ce3,0.005572538053172403
ck_9e665618a4860306,0.005646870517439009
ck_6fce5a893613fd2c,0.0016878240325443926
ck_9e3fbd04e3532f32,0.4249250348386089
ck_55f2ef0de3420e3e,0.05456761478782362
ck_8d87658a6f5d204c,0.6502601315340116
ck_6d6ac1f5dd882aa5,0.0029913228960932164
ck_55d0c7012d7ef236,0.030600148087729828
ck_7738eb085e5753d6,0.02398121616230027
ck_0e6e05c3cc8c8242,0.03417841862475596
ck_8d27ff8383d48132,0.0034919391026367787
ck_9afc3bb849f3a64d,0.009742360408054162
ck_27eb86a9898cdfe3,0.008983751747936107
ck_1d40e4fc541abe93,0.4290738288706872
ck_4fd9dc00e1913587,0.9673338317980047
ck_b26cdb2b7b165d2e,0.02632316639017804
ck_a79a27767a02e31f,0.029462164597642337
ck_f0c18cb9f951a71e,0.019508620488571816
ck_50460e0189de6274,0.9050659657750685
ck_5e5280539257c986,0.005465672932549819
ck_eeb854318b3a6f0a,0.005484017987352184
ck_943f66f28dd24750,0.001880640468913141
ck_984dd7452aee372d,0.06211633792094392
ck_ecaa6de0aca5e9a0,0.0366572820405683
ck_8f1cbc432e2774f8,0.031425428080084084
ck_d91d9f8445b9769a,0.41583344973715625
ck_73c18e03e3c7612e,0.0019435908176558584
ck_aded05ada490da20,0.009129141294219071
ck_f744e208183971f8,0.0026601411487296007
ck_02d4cef6358ad3b7,0.003350939630497742
ck_08ff5bd467226a5f,0.0015576071271267075
ck_f824b326d5089885,0.4220135492689688
ck_3420f2fd520890f3,0.024255109220870385
ck_1838cf8d00f5b1e1,0.010425441460756442
ck_a85182ad90b6f1e1,0.0020549214939216084
ck_fecb39c82c43e76d,0.003740561412759439
ck_162513e73782929f,0.010968145843759028
ck_2c27b77c59d8f23b,0.2984647216360072
ck_4221e07b17388fd3,0.030480318283027497
ck_adfb8472d5c3d669,0.037193046882536995
ck_0742fe64055d686f,0.002369651770103502
ck_5060aefcc8b6f958,0.015411911419867587
ck_643f549b4ac78a26,0.19169686111393003
ck_dba767885bd6ad69,0.01063510963050123
ck_0dda35c0c64c7073,0.9399102060687036
ck_38ea56d43afa5660,0.024550130985530414
ck_d813e15ac91f487c,0.22747579375041208
ck_4c840e5585a7b167,0.2487232084152029
ck_cb8551453a7bb929,0.00541059486968616
ck_05a00b1dd5a03359,0.004095474618763602
ck_837cc7fd48453a01,0.01785983500385351
ck_49dd816b31fba6b6,0.8230261498740132
ck_86a61d9a39768e87,0.020494275423288397
ck_cd0e76f0e7bb38cc,0.0418016722088085
ck_dbe58392635133ca,0.0559216483561702
ck_3caec7dd6f8d02c9,0.02617336609773185
ck_bfd9bfc5b6ab4a54,0.13983840028739644
ck_2103399bdb2898a6,0.005705627636810561
ck_329f7de7279e74c5,0.015045452134675093
ck_9bf0d28119fc42c8,0.013142099740661195
ck_f781539b1042dc83,0.009120559402079096
ck_9986c7d781ac6b4e,0.008854013301621064
ck_a627734880aca848,0.0019472622329223695
ck_2106e509d77fdb4a,0.4531467912504379
ck_420d1a9c604293ce,0.017495295120822877
ck_fce0610c527e2b56,0.01363046065460124
ck_073da541ec3f9d3d,0.022337120667837575
ck_aa5f3ab48c17fed8,0.0734166190612161
ck_0fc1086e1c9e04b6,0.026810148705615804
ck_5c33bb46c1a5945b,0.02088823719403388
ck_500948a8d4bd8e13,0.02567484091874726
ck_19becd44f2c3d2b5,0.01313257953776737
ck_7d0fe77dd5ddb656,0.02217013633458964
ck_f158d9e5f101bb35,0.019479982466206188
ck_cdd7c77823c2257f,0.06856592092001906
ck_6c7b41374f9b2e55,0.013680861461966419
ck_417090dbffb1a63c,0.010533655518896241
ck_dd0e17605f970319,0.009451156761648824
ck_3646515079e6be55,0.012779985086526661
ck_89c8b06aa8c84b2d,0.0454213285862761
ck_e4d6dedd97233c07,0.035869523446925185
ck_bc82fb1895fddde5,0.003910334955326315
ck_88a8b1d442ca3686,0.03791214938672038
ck_5791f8f76a629a4f,0.08260015203413584
ck_9cf5e88e97c8c7ea,0.0056043704145864945
ck_58fd684aa5a6f289,0.002426315157694615
ck_9800c21dfbd8e811,0.004659075336267149
ck_8ae64df60ab6ccda,0.039392401612214606
ck_e535fb0f0c00418d,0.06272031303373722
ck_48011996d54855ac,0.5785692076495345
ck_ac79c72a8fe3fdef,0.052434429566841405
ck_b8cc2df5192bc49b,0.01624391699446377
ck_e96a5e1f08f8a867,0.004983170261855917
ck_84df6770549e43fa,0.01679757552421673
ck_e5f7b99ba6ec5767,0.026710117735893074
ck_8347455ab53ff620,0.005995292234832282
ck_a84f2cdf695a71d6,0.004482488228244434
ck_90456160115f9ef4,0.005159051714202609
ck_ebd178b3f3a9c50c,0.007558426914844127
ck_e1140be6157bacbe,0.00244266608199255
ck_744ffc11d32b96bc,0.005911250635784161
ck_e12a9f7d027e3387,0.007432904309351902
ck_cbe525da0b69f18a,0.017459783765764156
ck_aa59702537557ff1,0.009682443433547383
ck_0348cc6908f7f3af,0.0024085944716126166
ck_120e995d50956bee,0.03838474150688612
ck_9fcde1ff46cbbea5,0.0019281791508204303
ck_54b0b070689c50d6,0.0031434446611163127
ck_966a167758fddfd4,0.03234715372802736
ck_d5194f2e92fd6427,0.013715341720969651
ck_2ee84f3fa27f2cb8,0.005007435702050072
ck_57d0a7eb7eae2eaf,0.03949718666571367
ck_6a2c4edd82e10969,0.003943121978845405
ck_96e4d38ef670eaff,0.013335894444960389
ck_52cc2fd5095b169d,0.005567782717059765
ck_4b088920f3a844c1,0.04366046763369661
ck_8f3ccbd20d59f1f4,0.006689157227136303
ck_e5e5dc431bed6f9d,0.009619736347141543
ck_e8b5bfa6838e28d1,0.0214975759529335
ck_4bfeb78b47b7c6a1,0.03639568137777459
ck_a705c61bd679496f,0.007942046484327316
ck_731869a0c39cb2fe,0.020615651477891846
ck_259eb102342057ea,0.005284919363692266
ck_47a6005fabc33551,0.004637146059386261
ck_682262b455a9edd4,0.003193231960782167
ck_e839d104854945f0,0.004874122937117274
ck_761989aa4c47d746,0.026375697666674806
ck_44211dc210139ed3,0.005148423853918942
ck_9915ceedf63a5289,0.17835438045543658
ck_da59ab47cb6284ad,0.0019949513215245344
ck_e5cdbfcca2456652,0.008735622536686742
ck_13f2560c6a1ec62f,0.0201896272184874
ck_a0543e9b3abe1001,0.04609412283938655
ck_11c7a58e09e6547b,0.08805812493480326
ck_69587a134d43a4ad,0.1514319533612138
ck_28dc0de0ae291f37,0.042004349578879656
ck_298922703c5bbe05,0.018008284658337655
ck_fa5ba9ed9ed6a343,0.08269000131520916
ck_c08e64d424e56c05,0.013675456751431432
ck_598e036a28262aeb,0.024421213668561457
ck_3f7c870510083a51,0.011953733838743624
ck_364f8203a3e98d36,0.8417876702659188
ck_7333cedb61506ead,0.016402998702042912
ck_1d96d7fd65f208b2,0.03207138207103357
ck_63133a79f23e2627,0.048717366613192904
ck_901d820e0b72abae,0.0024154701008611123
ck_5dd80b3c01457bd8,0.011890722099526305
ck_c0b8067c144ed6c1,0.026990703542704813
ck_cebb8aa8c8f62c60,0.006740539438934649
ck_79749eca42ff1f5f,0.032136163577901354
ck_2cc1d9b587f6da31,0.09117731757396624
ck_ccc7916b56d42195,0.006780618736376226
ck_e43e53cc7b8b8e41,0.017592096126075478
ck_4ab74a6e7450416c,0.0038968662034981703
ck_6e44024e9de301c6,0.001845949129079756
ck_dd78cb6ae2866cc6,0.007891037751681216
ck_c363d3b050baf3b8,0.04175181886739779
ck_2d46291975f0dd08,0.0031215427788702245
ck_76ebeb5aee42f041,0.043605424878976506
ck_8395f004cf4d4c08,0.003738333640296646
ck_de7259c3741db179,0.012475598751435599
ck_3938e92585df2b34,0.013619123940016598
ck_af69bfcf4f07d932,0.007096298106282731
ck_1723900ab9afe374,0.07022057602915999
ck_3d58628d1c853c8a,0.004766982657918856
ck_12a074db100481cf,0.06529472597975904
ck_8716cbf892c50e29,0.009245234905596169
ck_fbf7351958ad9615,0.011404746226284242
ck_a50370907e6b397c,0.10672127000921472
ck_937402a60df0821c,0.001816581508917091
ck_8ce9c5807acbef48,0.004917394696552216
ck_acf7d65eaaa4c31c,0.0028918283215534205
ck_ec3eb6dd0967cac5,0.018135133220354704
ck_fc832b0c90c9bdb9,0.9565951362033286
ck_8129e81cde280131,0.0046962929617112735
ck_52c0ef68aa2fb8cf,0.005371596862498342
ck_06f042e9b1b662fd,0.033063992579689304
ck_0bf35dcf7b38f650,0.0029630905544775904
ck_615763afc2e17a7f,0.001723947106569032
ck_e72db9d4b2fc9997,0.9663712906871936
ck_13757bf0eeb353e2,0.00733706750755065
ck_abaf371ec8249c4a,0.1722761707284971
ck_9b7167da0920c37b,0.036607729966873136
ck_2e824b0b27494a17,0.07079215829183445
ck_9a0b605e9c3220c4,0.013077373671546391
ck_a5276af466b681de,0.004765294473211308
ck_9e0383e1fb6e214d,0.05156613092994805
ck_6a27c44b691dbfac,0.0030411949715175787
ck_af39767cf583905b,0.011809173784776176
ck_243b1b9fdd3f9a74,0.002768322362308275
ck_c0422e638a9c6046,0.01145573373041582
ck_e0f3ea3373dfc4aa,0.024669343153105473
ck_d56ee1654378ffc7,0.013980511697495396
ck_20cd2f5666719baa,0.002309892168406392
ck_4dfa1c1e9b69fcc8,0.009236660057369714
ck_5d22e9ca1d15180b,0.44130799049389546
ck_f4a7ac178fd55f0e,0.0065443380280945556
ck_fd5609bd23a1eaf8,0.01316684607744345
ck_49c3bf13dc9471ce,0.022734317510952683
ck_724085c3452d4693,0.4108290572752234
ck_e5d1462846154a75,0.0383298637757279
ck_c69ef0f3e7d6acf9,0.14926395077940705
ck_a2d0417791d4132d,0.008662865717553503
ck_00a07fc2a9183c3a,0.003079918496867047
ck_781b8288e54ba8f8,0.07851419019138627
ck_d74a62ab3804a81b,0.005411463574396399
ck_abcbde211b6267f8,0.07698793275013448
ck_16dbafc035574654,0.005093294231937408
ck_018f780215ecaf38,0.011333616927954692
ck_0b259620eac51618,0.0024060823656654163
ck_4f875342394c110f,0.010289387564022836
ck_399e45e5fe9beaee,0.005706755535188138
ck_36224a2d394ebfe4,0.06753583573624743
ck_c189b551bd111332,0.0018554441809746532
ck_125c5a720ecb177a,0.01690031848341185
ck_76d010aa02eb477a,0.0013621728895440895
ck_1071d14c46c92379,0.5647414966318052
ck_61d244b2cde483af,0.019053145304190906
ck_2ff1860da2004c84,0.004290543775261277
ck_c5b583490198672d,0.0071641466016178395
ck_1294f7af22fade11,0.1918814518330277
ck_e3a22799716df39d,0.0033688329637995506
ck_c77e22834ef97005,0.3954044487295392
ck_73d3689728270a2b,0.003375077252611845
ck_295565fbf77ef885,0.004413565762429944
ck_80c0a7f54ff4895d,0.005593011283945223
ck_f1ef5cf7f10b16c8,0.03102037109381019
ck_a958b2461ffc21a2,0.19345832152082157
ck_0e7899a57cd617d6,0.002904478407251073
ck_9d4fed252718f58a,0.020744552110027733
ck_83c2c34add971d76,0.0024693920017774458
ck_9ccc030ba2de9fb2,0.032897113304170555
ck_cd691e3466fb3742,0.004594260817937685
ck_49df70f908dfd069,0.0493623833668771
ck_362ce13eec1e33a0,0.00471376441736874
ck_2452a30397dfc54c,0.02020255506422298
ck_a443d49c2b4863b0,0.011567088794819333
ck_c8b2e2cb349dd0ff,0.0054478863941571235
ck_354909fecf5da8cf,0.013274817991888899
ck_841f598bbd54c83f,0.04823689426111932
ck_cd6fbd4e8724f994,0.018524695084751363
ck_e0b3158111370118,0.012237437054340059
ck_4c2f2eb657c2c60e,0.00682939883130351
ck_ef346071f0b7654b,0.006853324390265643
ck_f3bc10e3decefce4,0.0030069706854024456
ck_189b6fbe9b9192e7,0.012697132325144508
ck_5245cbc5ff4d4fa6,0.005452346370509024
ck_cb42e3be6fe87f60,0.0057810112848999465
ck_966d4d713cbc7792,0.005136176103072825
ck_1c8c969667cbaab2,0.7377391759269857
ck_d35e3aa9ef5d405e,0.2061264555797934
ck_a1c39df50a5873b3,0.03347968515252301
ck_a152165caf295b51,0.004042933876446554
ck_891eaedae139828e,0.010186840957116913
ck_1a46b56f4734d52e,0.0048031632583996585
ck_5e36042cfad96c99,0.21026569457886066
ck_02a8582c2603e675,0.006968188166033455
ck_6def9d0429e4ed4b,0.017229421919685278
ck_e137400825a1e3e6,0.0075065411919499345
ck_d91ab840848a54fc,0.003363813592206787
ck_becb6e1c608e0078,0.0027618018575690934
ck_6fd8c86ac719d7eb,0.06115822400459454
ck_3ed4d13f12fd9d0e,0.09720978074221277
ck_007337aa99a4891e,0.0012795222768046878
ck_60c3d8306527a08d,0.004050893679332414
ck_95458880a54df0b1,0.13359162559190027
ck_b48cd8593533fc1d,0.7881412077971858
ck_021c6a4a7e3f1f0e,0.0016253584153504894
ck_764d40f865e710af,0.007514746647395082
ck_4b84357ae8ec7777,0.0068848535105650215
ck_3397c7856b4669a5,0.0019741821816622127
ck_920bb003b42e6310,0.003288742723250552
ck_8f59f11b512d5b7c,0.1246295775408668
ck_a3acf4b986afa98b,0.06263504577949518
ck_e89d25ed7bdeeaea,0.004080654983507679
ck_70e6bca473bf6902,0.003570892355980003
ck_186161ce152836f5,0.006378571832965071
ck_9191579254663f5d,0.009112295615042653
ck_1e6628879e9d653c,0.006900701054884228
ck_b498fa91a0776ff6,0.01483817315990348
ck_cfc2384f22954830,0.061036178568396604
ck_17673a1c2867888a,0.0016809599348959628
ck_523dce06515b072d,0.010388190476775876
ck_c20638a325ead2e4,0.0022032023735774563
ck_d3877e1f907cc148,0.034462997857340326
ck_e9a2495dea8675e2,0.011463721185509984
ck_7e561caa5fa1f3f1,0.05961941033653425
ck_455672e652fe1abc,0.9599598102767514
ck_7f8f864fcc90ca82,0.03418920069200366
ck_1ad36046aaeb816c,0.003773494377742851
ck_de056e37c82e8e00,0.02280674001981951
ck_7484c214c889fe7f,0.04886196335539455
ck_32430e678c4f9f53,0.006562229715160544
ck_6276ece8f80ea799,0.02439318158417893
ck_ae8e5dc4b725bc25,0.032041406878239594
ck_f01be92dc78a2dc7,0.017601914859002366
ck_233397a8bd40d38d,0.005656535778277665
ck_f8124911450fdf31,0.7662944672574317
ck_aa0a3179f1111674,0.004779903595746669
ck_2366b29ed9887a5e,0.002467830350377025
ck_1f22f04dfc08cf27,0.0036274614376306303
ck_b62276c3426d680c,0.01972741814842011
ck_d099fca88691f66f,0.02504066363553779
ck_166bd1dcbaf4d6fa,0.0018951073581356538
ck_7b1660e942436e12,0.043966345594672794
ck_4a9a791a1d409a3d,0.016879310049928483
ck_b003e5b54df65db4,0.012369188737692214
ck_64b4dcbf436f0b75,0.007184516021371133
ck_26e9a7bb2061a58e,0.02491399398659666
ck_08b77ad5f8f73007,0.009581656111731458
ck_366616a725afc6bd,0.015723869401267132
ck_934fb5064b6eefe2,0.003093218763196853
ck_c6abd5d57b1009d2,0.004010179001681526
ck_edcfa9e1cf29d813,0.06955743407854562
ck_c30201ebd003fdc7,0.006439167599112936
ck_c54643d94d3ce355,0.044568060469317494
ck_02adda6e91e49650,0.0328791597700677
ck_5b73d7c5255e58a3,0.1353599285985777
ck_129ffae92dc01408,0.0016451340978844708
ck_fa321945ebedb916,0.07172962872010778
ck_8da980cb2e1e2bfb,0.012179871075293993
ck_0576b00d728bdf19,0.0313505151266874
ck_c543d82e22b3c8a5,0.0029852718606147056
ck_0027ba644f9ae2cd,0.12537891767395629
ck_8dbf61df902a6bbc,0.0024961392978617926
ck_90eeca1cda79fd41,0.005254589319211283
ck_86d7127391d4e01f,0.0034567913253961834
ck_73762038c7ff2f6f,0.004691973327321143
ck_a1484e6215fac651,0.27099829865745667
ck_cb83b9f806e90dc6,0.24773019487742068
ck_8c6f059c95872126,0.004089232047594726
ck_3174419a81e7caf2,0.00700522125380038
ck_6a0f8f8fa4a3c2bc,0.018812306368712745
ck_b5777605668bfca1,0.0037572512057793537
ck_27e4de495abb4d15,0.00501204253857209
ck_7f6fa79c7a107161,0.020945947108611612
ck_c36ed9f8e6792ea4,0.01612396159313936
ck_67a1aa88d2ea554a,0.04956651694902799
ck_09748dfe4df3d540,0.0017991868679046025
ck_27fd85b1e38b675a,0.002101734813448781
ck_2369689bd795ee10,0.0050614701980712514
ck_4eb1c12f7d092bac,0.0026886766895877806
ck_01fbafc42c8e33f5,0.00562785651926765
ck_93c4e05699b3b7d0,0.004508490665638337
ck_afc484d1b6907983,0.009189293994413171
ck_1b2d9cae92a1aab1,0.06523305902143632
ck_73b729cb161487f2,0.0063710197041662725
ck_fe3c1d0ac090d960,0.08845805453718014
ck_408efac1d3885ff8,0.051396283638922596
ck_ccb4dd9d0a48a76e,0.0031250089435839283
ck_2987eab34ca7805d,0.015704967485816686
ck_1dbf1f15193197db,0.016441634954036496
ck_4ed711fe4053e74d,0.04990652688519163
ck_6c54adce174f45f4,0.005388739922727871
ck_a6c740041faf0bd5,0.009359165344424577
ck_b05c4d33c4f43639,0.04068802703145186
ck_032880f1114dd51c,0.024910675850244045
ck_22311b037456a76e,0.0025547895453431856
ck_5866b413549765bf,0.002479960907613876
ck_0e808afe2570ecac,0.011107994406334422
ck_634276b05f4381f8,0.015350860791581218
ck_5d8773badd0d4740,0.008255768256636336
ck_82b5b79ce3517102,0.9139519818226681
ck_b378b8d8100ee4b1,0.01698553624634892
ck_54e581f71be5430d,0.002783621413251822
ck_798ba4b8aa544fea,0.003827380535400335
ck_3fe86b6331ff95e3,0.3027814050629005
ck_81275d9d4c559e6f,0.0028618061069112335
ck_99a4e5ef02d89493,0.026818302842719816
ck_54e2eb018d947790,0.017601308179129017
ck_966901ea9c77cc02,0.004778679046565658
ck_27d69ff4e0cb428c,0.16899747901919074
ck_2cee2dd7bbfc09a0,0.829030786420576
ck_4136b00924695ab4,0.0010709363238455571
ck_59a164c40c03a45f,0.010507761788149455
ck_3e24b026bc66789b,0.002181978567486144
ck_8105bcf69a75ee47,0.004553808463131392
ck_7a1782cefe26a456,0.04621002596272672
ck_970c7dc195161272,0.001631545085408351
ck_a48ec0c00ae20e82,0.01736243230629926
ck_54b374ade34e1dc1,0.00605138903641787
ck_74e5dec189761d14,0.005126686029870324
ck_4717f24f2c6f40e1,0.023259812543275558
ck_fc8cd8a8209e802d,0.006709125867242847
ck_71db4131d7efe218,0.004885457666184665
ck_45424ea6f0bc4650,0.20487193796174183
ck_3716c6181a5035bc,0.0333368405178987
ck_26de14b96bdad4f6,0.005426600573317848
ck_99c0a41ac9c73857,0.005192149300851808
ck_645f15bbbcff3b4f,0.9800740644114638
ck_b7e25ddd41514d4c,0.0028781733786104615
ck_d5c14e877ca7b755,0.005692027826437873
ck_05ea4440dac6cfad,0.01476223266424505
ck_c58bafff7b1955cc,0.015303827241475408
ck_f0cf85b67a9b840f,0.02382705576129973
ck_ce1500a7f0d03fba,0.006269037689686258
ck_d4972a775aadbbc8,0.01296926193322638
ck_3eb6146c262e0fc3,0.0015796440292524102
ck_afb23858a4ef42ed,0.9682439229573053
ck_2c1def5c91c52a5b,0.1687032059515532
ck_72e550559487b919,0.007511021938404021
ck_0284dc2b4f856b3a,0.40825013906663427
ck_03be334935e999a2,0.0036093779035210835
ck_e35a4b4a3cb4cedf,0.011824764577400506
ck_5abe57dfff4b735c,0.004815388941032721
ck_f5f87f772388efa0,0.01691632744009445
ck_5a22cb36d612236e,0.009930519912394305
ck_8ff1e6028e764472,0.8607942724683958
ck_2ab28149b0986642,0.02940834276808371
ck_c88fc1bac79fa6d3,0.02728768858832876
ck_5b137d74bba6b1b4,0.0018707150597874263
ck_11f362dca2dfaf5a,0.010315439587313388
ck_7f960541e5174565,0.004555458775270988
ck_d5458ba39ae94498,0.010132794895118891
ck_0a921a73a90c2e39,0.024413834859445472
ck_6ad56ef40086dbe4,0.016836964557746276
ck_b68199ecccf2350c,0.0016657645043078172
ck_6dac66c8198c07d8,0.010769521063901033
ck_9b9ce7bebc235fe8,0.002869883063833789
ck_6b817117d87063a8,0.02618702611597223
ck_900d62b3184378c7,0.0021652448906565973
ck_eafe9b89857149b5,0.01061773323452491
ck_e74716a525ee5b24,0.005185331509348818
ck_4e9a6f06ab134102,0.022513526951759472
ck_b0d33b5a3716661d,0.010482664185472126
ck_8703543bf3134306,0.006615256265353069
ck_923d6a0f83accef1,0.01304504195485458
ck_52e37e2170532e2a,0.2628293692893079
ck_c1c5ea839c58958a,0.02724794789434216
ck_660f0006780e87e7,0.005555975876721231
ck_830b2c5d1818ac07,0.033632512413667805
ck_b080ff636932d1f1,0.0023822758038923044
ck_38730aace405f2ae,0.9832652074219889
ck_9790138467a06223,0.0013721372251537087
ck_10de0b0d86b17839,0.004285105786194655
ck_c3e37a4d3382c32e,0.003103812729678742
ck_dd8edfefa1eba531,0.002119989777138711
ck_8153cdadd300d234,0.0022209416496387717
ck_74d0e7c2c6b63d36,0.951509467617827
ck_c478aae3031bb328,0.006045974769174486
ck_cf301f2194975866,0.011337453594927086
ck_f4de03f44e3a5bd5,0.006642553130159902
ck_b06ce826e593b210,0.035200658530345014
ck_2fc70b6baf6a0e26,0.002463391469455883
ck_d208494cf5c90047,0.1107877293091153
ck_086d29ccae565e5d,0.003528490399658526
ck_d5ef6dc116dee408,0.01379463404027525
ck_fdf0c5b722d83464,0.011778007125409516
ck_de8494b13adeffb5,0.0034174096271423903
ck_556786868599143b,0.02913134820807987
ck_4940e78cbdcfecf3,0.01689292167193567
ck_d32fbbfe32c00416,0.021538023750247135
ck_bc7710f7e9fae649,0.0037399551720422065
ck_416f7ac57da081a3,0.010620674208107661
ck_6fb39b60c67d5475,0.004028963199194348
ck_e40a156511345d6a,0.0036469746426609946
ck_49ab879b5aa7fccd,0.10787785839491977
ck_bb643194d1cbc47c,0.9819207522233779
ck_b3ce8f1bcedfa043,0.005347014215845154
ck_558ebde8c29132a4,0.008942180372323959
ck_e6222925762273b8,0.046068177543039095
ck_bd80546b4807dd59,0.0061935832977393175
ck_bd21164bd2bbb635,0.01601932319414674
ck_ea835557d7043667,0.008503447962795568
ck_1411a80a157ff39c,0.01167470551123403
ck_ab973888c20c9120,0.05172340490612049
ck_95b48972061abe82,0.009681123695883996
ck_fc4a43f8876bf10f,0.3363631763703107
ck_f34fb7ccf82f41e5,0.0077190004809627386
ck_5af9934a56801ac0,0.007346351500609358
ck_fc7445ec76389a58,0.47501500890602144
ck_1eeacc26f02fbba4,0.10479855601908004
ck_4f325dd15c9bd45c,0.01999843000435216
ck_5009a6c8bbaf15ba,0.040568749606870125
ck_0f3de7f074bb33af,0.00614827606057055
ck_2cbc2f93a32eede8,0.03190365936852491
ck_4bb90a61c21a303b,0.011789628203232169
ck_3ade9eac7d7b0dbf,0.29415843768130306
ck_4859a58629622915,0.018894055344401722
ck_5fed957287ebca03,0.0036140160864631867
ck_ec01ae5351500355,0.004497142290646765
ck_703b41624ae6a5b6,0.002733624577345882
ck_97c38e7f61c27e47,0.017593294227420682
ck_db2c0908150cb2cc,0.014410224713661832
ck_64ac5e6fed86ab60,0.8645468054215887
ck_da1c853b0a061e83,0.03202537912311374
ck_9a36916b60178ded,0.7637313755540266
ck_3715bfa7fed2c675,0.005860343121132335
ck_dd3feb77d7d4f6d3,0.018563055120981317
ck_982ebb24174a4ade,0.009674457630438213
ck_f6b7a10d47dd9a1f,0.006697301472656891
ck_1f56fe99f250cdf4,0.029336913568270246
ck_deb3ac0606d6f6db,0.012674828512921071
ck_e666629e5a41b39b,0.016340352280754023
ck_756d2c13d02b3e09,0.021350109922086424
ck_7bc752ae7cf5d55f,0.013265702654249914
ck_fc0cc4b25e6a8194,0.004400240410713588
ck_9b2b0e286de78a1b,0.009373120516965571
ck_24b0803447211bf3,0.02401999433942773
ck_82eed68d05a42128,0.05625866521637481
ck_c8a03c516ed5b05c,0.12817079566400166
ck_e914974cee1bccb1,0.014233559237770506
ck_0c533ff2d0f9962a,0.02196006590563951
ck_c12805fa5d970a83,0.09965121487262868
ck_fc2cb29918631f10,0.3619608855543432
ck_c20e89afe575549b,0.003805482435758454
ck_e1ff9e31becc27ae,0.060932368626855256
ck_18116d0ac08f1996,0.9420337644471634
ck_885a83975cea5e64,0.004480306222596649
ck_a0c3059a959ba5d1,0.01827343808803832
ck_75257ca7d7da2861,0.02468322294432866
ck_2210f7a0d13bdbef,0.035257600820377176
ck_9cbd9ecf8374f65f,0.00568092822149371
ck_18f67c00ba21fbde,0.006420104522108005
ck_2d28f14d3973d8fb,0.0033712291552572098
ck_8b3401b44aaae728,0.007623991370760736
ck_9d8e9ef37797d3af,0.35328679341797836
ck_9f50920c894f64e1,0.010333383624717142
ck_4737e0d56c6fa0a1,0.016466241105607418
ck_52c311f29ca3aca9,0.0023016646438798493
ck_6a4981bc721df37a,0.038945999184475305
ck_823539d936c55fc6,0.0037504048828059244
ck_df5aedb4118020bf,0.9047118900185027
ck_a911a066ff0f7b56,0.07474226475135214
ck_684609767df4a14b,0.08457961945658093
ck_f2350bf355dc919e,0.018086572532130155
ck_8452b6cf97c65a5e,0.010722387874012146
ck_084cd84501012218,0.5933776480690778
ck_ace6b72e5bf3e93b,0.4099753124500138
ck_2afdd69094c955c5,0.0352814023266612
ck_fa7d5be26bf7b31c,0.1544890417236263
ck_4b041217690fca2f,0.06262273572146468
ck_9fb8e3d38cdf276d,0.7755309364038245
ck_c1ee56d65a42f59f,0.014433510299290386
ck_fdeaa1cd085691f0,0.11745725951853432
ck_5de33a7a87e9aa62,0.024303221732338925
ck_7476e7fe1ff45545,0.029784439326821798
ck_b0a947b498e47018,0.013999989701038757
ck_e3894ed88a7977e4,0.008085989858091064
ck_c7e07ebfb0bc15f6,0.01969848775845381
ck_3a3daa8b376f2a18,0.0026167071205923475
ck_87809324c2675b0a,0.019704891508881158
ck_7eb4f33260f1dcd4,0.021484030786249112
ck_ab9f0e08af030060,0.029405221933040033
ck_5b8fc4a76f340797,0.021088995271663965
ck_0e7bf10ef49aa818,0.037811718059623876
ck_a44462a3853ac67e,0.9787990874994233
ck_2d14bcd2e0fc043d,0.0032270597333076342
ck_df1f2dba802296be,0.864546125760936
ck_466a7316eaf149b1,0.011439492700871018
ck_50df50af592b0c06,0.013315156401649457
ck_5f9e34c849704b95,0.00179717869285698
ck_7836bf6def26aa87,0.009385256319967747
ck_ba175b1bd8efaabf,0.009209483542167718
ck_1a0aac7f7b94b1be,0.18735099226438026
ck_6768c4b2aa8ce586,0.010494523655987846
ck_eefcf0ed15897898,0.01884137159329651
ck_7a6cb27e390b6ceb,0.011178178019228305
ck_5275be4e1577c1c7,0.002806244586796036
ck_6bc0e5b8c0b7d2bd,0.01588803970689436
ck_4874bdec79f9106c,0.042718322368233995
ck_a678731156ad7bd2,0.1888827480808546
ck_db906debc36a5d1e,0.05116356885902612
ck_e87897767c612942,0.014809821727003113
ck_45ed5ee496ef8a67,0.00793489832074007
ck_ae20e28f9854f3ee,0.018078162308181125
ck_9ee044b73943a90b,0.00684501392762716
ck_dab34cf6f0626c9b,0.023299339393436567
ck_64a02b7b96149810,0.005242047042137894
ck_c417d06f3e94685d,0.007955432711861277
ck_3e0149cdee4cb294,0.020724761284327282
ck_0e6046fc30f81705,0.017935183850341794
ck_c383aeabd53e9c89,0.008552608523956484
ck_2ef76f1f36e8b869,0.13470562376764963
ck_43948784650bb9ac,0.00483282819262307
ck_bdb966f43ac350ee,0.03875005287141583
ck_5bea0e0ee0b094cd,0.023388525343730714
ck_dff090f03ca5529e,0.0033954353542826215
ck_a4691b57f837d88e,0.03423242849534072
ck_99ee90946395d74d,0.3601633776994429
ck_cc81dbc83a8879fd,0.00639302831977668
ck_f3dc0725621b3a35,0.0031683886856826507
ck_1bb212d1288b9689,0.05758193876515033
ck_9e7278fc7679f002,0.01930762883499498
ck_3ded7a8720d7e311,0.004081914448544923
ck_798157bcdb9453e1,0.005091800664739622
ck_9fba80f56f357fe1,0.006794264175038527
ck_f1e1c8491f16f912,0.007174691809341019
ck_7b1319a5ca2f63c6,0.9419102380006645
ck_124432fd5c92af7e,0.8034929255272655
ck_148cb0c723284dc0,0.008561836050222336
ck_b56c62c950eda009,0.0036799581576351143
ck_a0498755cd8d7188,0.0012949618572167313
ck_5379452a9d74efae,0.0021960911929653566
ck_6c2453229d608183,0.0124467883627081
ck_f9d8b4813a88c1e6,0.009147312854646837
ck_c2c7d1e45a521857,0.052686321661199
ck_4364a83a11743888,0.004990388364599981
ck_2cdf5fd97ba75e06,0.06094487523363481
ck_71bc01291e0533a0,0.013167459409547277
ck_a725d7aed2a0bdc2,0.0026754421949458725
ck_a9b0c4dbd7db6a91,0.02348532120905003
ck_a4258806a533efa9,0.018480397690808763
ck_905e460591d9a278,0.15320819716301698
ck_20de8abfd8960ee3,0.039813080310566185
ck_252b0a0f1119b220,0.001783504996304473
ck_95e4bef65c36af1a,0.0024179704027669333
ck_5ab68b434ad53fea,0.005252037529746124
ck_13677a1957078827,0.0025878535757008175
ck_d251e9fa09e542dd,0.9748162419280244
ck_700cb620f300dd47,0.010648797819671619
ck_39a68c55a1bd3ace,0.24881626718442582
ck_61a59a7944d6c53e,0.05080724868872683
ck_db6d1c6d31da967a,0.003388756791845802
ck_650020c500b1b50d,0.021523111130061334
ck_d812eb6930192793,0.0024640137721777685
ck_92f6ebc11ebca89b,0.06123921288868028
ck_d87e26eb5bc84b01,0.0025183180141353585
ck_66439e697695224c,0.004603790791860108
ck_f21efd504faa654c,0.0031928160051103937
ck_15eed0f5652f0352,0.00700560412262792
ck_bcdbf57d98dc0d27,0.04429583425990705
ck_873ceb8004d3a9f7,0.026623736418127226
ck_70bef9ddd4bab005,0.011014066564738434
ck_7560f1891d66f294,0.0022883291410882613
ck_f439f16f8693883f,0.010137489725488105
ck_14f9535e53f9c7a6,0.006426425721895584
ck_5984be472d2bc267,0.3859892937926593
ck_ed01be7504dc4187,0.05293579449292705
ck_dc3d8b5c17b67ae9,0.010422362134050789
ck_9dc23031b6b494af,0.06616394664618691
ck_fbdac0221bc03f66,0.015886693085275187
ck_863708a99b92ef0d,0.04500746860911964
ck_22b52654776a1ea8,0.5185561101244792
ck_a0714f98001efa0c,0.017708509829191515
ck_9c56114f84e9a541,0.01944588741664488
ck_e155cf506b2fb699,0.00560120468649752
ck_65ed7e72f24731e7,0.004044686557203979
ck_822d6e8e43befc72,0.4691237058224272
ck_b1182471d9ac6b26,0.004465275124807061
ck_821446adc95e6da5,0.010762364418467842
ck_ff182f033134dbb8,0.045016901559669725
ck_9c5feef7647b0588,0.10694060665468774
ck_df935d8bdd44883e,0.01175451995100104
ck_01eb24c18ad11fca,0.18139301484068937
ck_00d6730134a1eb51,0.009525928670710655
ck_79ba8e85678d0224,0.015226390724026475
ck_97e3b04a1350f6e4,0.005445929886976351
ck_74e9747954a46eaa,0.00877031311082843
ck_397d5fcc9972f909,0.05638520501209034
ck_9ede89e8a43c3f53,0.08716710152975964
ck_303b33910d67f306,0.004882419205599525
ck_3c17841636f6f7dc,0.012909962093943376
ck_78730527f8ba1438,0.4031108221900599
ck_5ee32bc6bb5d1d4c,0.27077866692169344
ck_a13fee8cd925d0dc,0.018574059478939083
ck_6f847263379f2e43,0.030197520711351445
ck_9b9d9e579e7b55b2,0.09828561928762523
ck_87c1d0a79e79c84b,0.01308710267649088
ck_bfc453eabb472f91,0.0053085800074911945
ck_978c21bb5fe3171e,0.03239046131835537
ck_dd882323474431d4,0.0611653404568637
ck_533c4f7400d5ab22,0.25323713301756384
ck_5f217bfe28954e75,0.9666309764108911
ck_ae96d35465b3b4bd,0.008541515256359057
ck_512ebe97c0af94dd,0.04817929665167745
ck_f558fe02bb0219b8,0.011077218393076396
ck_84092e23d5ef4d51,0.14094224914549572
ck_17d3022ca12eacd7,0.007235884505115103
ck_8a8f81bf3558fd9c,0.007868808970922571
ck_0ada6fed1864e7c4,0.01442067388535871
ck_21fe7bc59dcd78fb,0.004045596036781821
ck_e136e20c1c74fe38,0.009733168121894273
ck_e7a530e09d113dd7,0.10969481076275878
ck_7cb0c9ded4d63027,0.0167507938345053
ck_102db9615e722c9e,0.05705086452558863
ck_129e39ddfde92eeb,0.0024468548325431356
ck_d730ff21bfd7769d,0.012381147460157331
ck_54459b45d2be8459,0.0033343455018147727
ck_7f1c20319eb60aa6,0.9695331696586448
ck_939fede90473e412,0.006321918856383371
ck_e0f9506a6d5f4a1a,0.006775383071094004
ck_9a4967cdf49265cd,0.20904640223123627
ck_b9eaf03453ac7d5f,0.0041430994910527045
ck_522477be6376b450,0.008509412829457018
ck_9b6282e3bad50710,0.02989995689156628
ck_a0e3a2facd508e49,0.03432600254698766
ck_97ffae702f7c3d08,0.004186730313012302
ck_344a95cb7115ec67,0.004020524370498063
ck_1f2760764afa45e8,0.0036377006390552907
ck_720cd658d11ea428,0.02498556439365694
ck_04e32ee9834c088d,0.5882206159836004
ck_2bb1389e5e72c8f4,0.017188882609642932
ck_961e7dbc217cfbbc,0.003448829326776389
ck_f3bce4eccfa6d6bb,0.004816989666672
ck_e0ccfa0d689339be,0.006928841837657142
ck_98217aeafa0bfefd,0.04813205075304302
ck_a02aeec1914c158a,0.01247415284684262
ck_20a17e8f206a14c8,0.020684249927622703
ck_114c32aad4b6183f,0.058475924084788224
ck_79f5198f0decef20,0.005528530593871046
ck_2209de229b4c71c5,0.015762196432636336
ck_6ee939b7f396975f,0.005192187764324584
ck_202f0c14b07ace01,0.05694371028007896
ck_fa24db9d416ab904,0.00480735208662056
ck_cf6aa24b92c4d33c,0.24856902867347205
ck_45f57fb8194cefc8,0.034261521697172496
ck_d5eb179dc45394c6,0.013655089353388689
ck_efb24be983342f75,0.005759450037077493
ck_245f5d62ead5ef28,0.023307857335240285
ck_15fe2a47fa7e92ea,0.002222689808338565
ck_b6527a85fd682554,0.04546022429446486
ck_11f9390a11ce9ff5,0.029579601026515006
ck_ffb4d892c5158201,0.0014930842083299295
ck_d4c1da5a1427fd6a,0.030056796336785045
ck_2c041b1efb1c5063,0.007197388173379576
ck_ecc18f40b33be769,0.06807093427946902
ck_0525349f3945375b,0.06409663512702445
ck_0bfe62e0c7eab9c9,0.029290201156478114
ck_b7c37d410b1646c2,0.027929272621041376
ck_4b15b0746318cf42,0.05551788226301724
ck_e5ee006ecd8ff661,0.026496323702770386
ck_ccc83cf66365357b,0.02645644778086638
ck_34a33ffe8339f66d,0.9155905263399072
ck_4e39e3b165edab58,0.8258476274827479
ck_1a71f8081ae00190,0.911763609287398
ck_ed8f1200fc049c40,0.9403900784025474
ck_8a5a57858e8c77f3,0.025973097699937372
ck_fff9fdc2adf5100b,0.6361864428498101
ck_c76f1bf40f3b787b,0.0014842617301380329
ck_1a6ddfeef82b1b1a,0.006143364265084879
ck_478d2667aa9896d9,0.005392218677960973
ck_641c8e7694b21f3b,0.012675499163692571
ck_293581d879f6663b,0.8425530310672453
ck_1bfa8abdb22be8f0,0.010164844268654502
ck_05ab5b03d0bf9ce4,0.14892235748266922
ck_35694db37f0cde7a,0.003539197516875208
ck_fe33eb743d714c03,0.009279050986853112
ck_abd10fbcbaf2b038,0.0044951635852975335
ck_46d51648c1bf80e5,0.3382717173484366
ck_5c8390017fabfaef,0.008794919131138603
ck_87d55ca333f22072,0.0018312514617911358
ck_c39c6a1453e2b92c,0.001316055317042792
ck_69ff1b0aa143a168,0.0028631072090743643
ck_e57c79eaab35ded7,0.0034602269689724204
ck_463ae759e2b6ad1d,0.018475812585391965
ck_0dae4a7eb587f3ba,0.01564751686698284
ck_9b12fb56529ebc4e,0.01620296324565008
ck_1af547077ba2dd03,0.1634600901032618
ck_de13de941bebc7cf,0.0035063629141827628
ck_83dde7da2bf647ac,0.0030799244291350833
ck_c80a94d4660041fe,0.043175981969888276
ck_f39cfeb277ef6528,0.0028610287825047084
ck_1cec1ed1512a2d3d,0.0025641941245739394
ck_7955a359b6448799,0.002747152859278611
ck_8c0955dad13c3ca1,0.006626467359511901
ck_6d4cd2de601a2308,0.014642754655030859
ck_f4536ba8dd2d551d,0.015249999349830625
ck_b379c198d6db2d62,0.015365893367341565
ck_76ea90ebc74bcdc7,0.020578887358536996
ck_734f06bd4aa92781,0.01908482720960408
ck_677e1d0c14cbf569,0.00391131936977622
ck_259271c70f3fbcbe,0.019113150767060032
ck_c0b744eb9e7d4eb7,0.008666560365363896
ck_3d41faeb96802f68,0.003554457405826011
ck_8f604fa70fc3c8e3,0.010900928464528377
ck_0b3c3bea0e0ed339,0.007792895443472672
ck_be5df076b8a86409,0.003390159873800517
ck_6a475fe324d7d790,0.02528309694680567
ck_3ba3fa5387bacee8,0.0013088406797189575
ck_324b9939d9c1c31e,0.003185789764560807
ck_a7fcf7b592f68ca1,0.028754405783352668
ck_5b2728f7cca414ae,0.0018698458877161323
ck_5f4a25ffd0b85a47,0.050271301021026664
ck_63d4f5076fe4406e,0.003419754464179303
ck_af528d66c86f0cb8,0.003630983472098112
ck_ac7cdb9b8da7b5dd,0.007506718418741023
ck_3bece63711407e25,0.013335610451557787
ck_d4e0b2a12fcfc35e,0.003500342458142769
ck_ee3e7c9d3a9c74b4,0.054333015700533414
ck_50d7c4dab837bf66,0.010473058550709388
ck_ebcb93a2990fc914,0.08668418147032908
ck_2329cc9702cdf7a0,0.018037970047760008
ck_db1fa53d588bf99e,0.0032836464152422584
ck_44e57a0bad5a0745,0.006244580229065987
ck_472c81a144f4631b,0.0034298510258691513
ck_1658429acd5306ba,0.015376005719600854
ck_466103ec5bd9444b,0.01796610488938989
ck_9757163e25262b74,0.01892636806935985
ck_34ed59bc2c9b0186,0.002949943060626972
ck_b7bd3a7f263f4f29,0.016339671021107702
ck_149662b09d632e41,0.004353378813520631
ck_a9ffd6b3957bd41e,0.005743926486785068
ck_ab80466ef615e85c,0.002011089601700919
ck_f2c824d3473db24c,0.014155112991743365
ck_a4a01fd45936b078,0.07104031934938625
ck_8f6ce158c2902877,0.0025615748258339347
ck_5189a302cfa7cefd,0.0013033085326817375
ck_430a3d03be588201,0.0057708711480170235
ck_b5f9dd00914b4db4,0.0076796061139659255
ck_52dec82e9cf6135a,0.004846351139322125
ck_95e444a01e2ab4a5,0.0236796930546256
ck_e37cee7b123692af,0.03561853958247718
ck_d68d42858a55adff,0.056089055196840654
ck_3abfc010091d679d,0.013357278758435403
ck_cee4e4e1b62bf82f,0.011407808667108214
ck_9ccb17c35e636c5e,0.011814385824300727
ck_f72a5a3b0d6c1177,0.0033976205943981167
ck_7508aa554fae6afb,0.1349416504350854
ck_003aa842b7ca1d77,0.4002393968747658
ck_83b2b192f41ee2bc,0.10335650064774171
ck_64796b6b2c3c7f06,0.015661452685994264
ck_6438ae81d43cb196,0.015681645925760688
ck_2bd73d9098504760,0.05193939756189361
ck_aa8b9b36a099e4c8,0.01722349993284586
ck_e5ece47d0dd10526,0.014657258766879214
ck_16077ac345472e6a,0.01508450237843379
ck_a4d6e152b0076964,0.006087068208061993
ck_d90b1d03ae151f62,0.01771587305907079
ck_18b36d342b530af4,0.013939644549310341
ck_2a01e610348b84f8,0.02510625188999753
ck_0a93ed76bf36c8b6,0.0181868271440781
ck_3d56b477fe2370b6,0.04269715336704846
ck_17ab3068fa303682,0.0038722282290219456
ck_592a3520d841d11b,0.031907285215468144
ck_84d07028b5fca2f6,0.01546049819850105
ck_f4a2bb10afa85743,0.006904375074051078
ck_4fe4b072f03f2c1e,0.0026469652222864087
ck_9ad08fcc183ea1e7,0.002734364940737935
ck_130d3848b9dcdb05,0.006458243774082727
ck_bb399ed6bf28c230,0.03487588716822193
ck_a31a64a39a2c4941,0.006427933494432779
ck_c49f25dfb39909cf,0.04764832580535797
ck_55f50a9ae2db8ff7,0.005804441388940163
ck_09faa4e771cf876b,0.00982899278331936
ck_df520a7a6e405889,0.02726033719552494
ck_8c8c98cc694ac900,0.04091916694863602
ck_7f0c4f609673ef62,0.024529767733456224
ck_f51fe59cd445d2cb,0.006849938555423474
ck_b3fb83f0d772a831,0.016639939710633978
ck_d6e7e257751c299b,0.0029351064293523907
ck_0d362ddb4a1cb6d4,0.03037170683292642
ck_a574a08edaf81781,0.005177316360537816
ck_a823f5bcb0e4b9df,0.0030734013085668838
ck_f792586ad0381eac,0.01908643784192766
ck_54bfd70022c66983,0.008058908346166333
ck_fe0a9372c9372de9,0.005842732898097928
ck_5691cd6fdb6d8147,0.016264340287332577
ck_a95f212a02433d23,0.028206625653636425
ck_f5adad75e1c06731,0.12723375174957627
ck_e09c97520eb0533c,0.007138689682354268
ck_a1e13c0d58560340,0.0022734251855716205
ck_cacc2ca410cbe80b,0.019199774631016842
ck_c0dde2a6ef1e08c5,0.004732182974604122
ck_a04403073c90ce38,0.0013779448988977038
ck_03d3026107175dae,0.01890405474741742
ck_50176dae5b1b716d,0.0035619655740882997
ck_6c084bfcb38e96c3,0.015424618760376069
ck_36d2be9012f7909e,0.00922145376051423
ck_958acf84c6137a22,0.018818605993111356
ck_114722e12db90a73,0.004652355131543682
ck_203c2a22c0c165ac,0.012469827104890347
ck_2c44ca550e5cfa82,0.017861009554607468
ck_df0a8f20ab8f14f4,0.019962114693020835
ck_826a27ff7555192e,0.014462589532553
ck_09a988ebcf062297,0.07590204001699986
ck_5c82444b3b9160ae,0.009646002235723925
ck_f6a4a7ed27fe76fc,0.035583407993425124
ck_17de46314b5c6a92,0.005396637939347862
ck_335e63101b1e6c4c,0.13963311002800471
ck_c5eefc0697451de9,0.016118088452273287
ck_49a0efb5d4067b6f,0.42450504723125265
ck_c1f4509c8f5dac5c,0.005134296494406936
ck_57658eda1c59bc52,0.003959611726388756
ck_0d5c0736ec76385a,0.0016857642629661811
ck_e0239e6ae30795a7,0.013390487169239546
ck_e4459115cd8e5e4f,0.008504041167414501
ck_bb4aec09d4968dda,0.12181536716496642
ck_a1b4c96faed3e0db,0.09405477433428544
ck_8247b79ac67aae7d,0.010939898443957837
ck_fe2fc7d6e5d83f09,0.006582278974124654
ck_f6aea576cde8d592,0.002376893870288834
ck_b7e7f7d0cd886412,0.06570309177348103
ck_ca7b993e8286af7f,0.009521388966111093
ck_47de038381a9cd65,0.008944600736103337
ck_d38f941d09eec820,0.03676592011539608
ck_d9ba2a6c0d926b4d,0.0039407096712832275
ck_cda72f597330d0f3,0.003530990488188482
ck_16d2d27fadeeacf7,0.007372507268754107
ck_be05447853d423a9,0.00207617284965857
ck_cd92852d7376a4a8,0.0013002733894843376
ck_2faf7ecccc9fec58,0.00152970145767275
ck_db8733fd92f20cd7,0.014132619114462739
ck_a9989a3a94c26634,0.015940953504088553
ck_957fb25437c75e41,0.054779548884037715
ck_e6a6caf6e7de17c2,0.0060894050092893184
ck_f7bc569b37e8bdda,0.008021349350347413
ck_703b375dd86a6124,0.028154676272559753
ck_d3cfb3603f2c6ca3,0.08333055206145344
ck_07cb2b6f2a4303e1,0.015171007411837018
ck_31631e2028d4f855,0.012048733334133947
ck_1631bab0ba1256db,0.024278514479419477
ck_5fdafeaec036f016,0.01666133434867506
ck_6eda4c36aecad602,0.004856965334321495
ck_bd1bf9e3e29de281,0.04076707624383651
ck_bf378ea558a4125f,0.727132567861649
ck_7aa2deeda0e57412,0.9927471620391933
ck_d229cf7f5a3f38ca,0.015144115567573746
ck_9e109edd124492a5,0.00382642168202753
ck_779491819995625d,0.16082431477811812
ck_b89c6fa2ad0a12f5,0.017982527324566306
ck_1d01b4a609918c4e,0.7360056172002155
ck_714c5d7cb17bc9f2,0.009055584367144294
ck_269f1746f2609ed4,0.0035159495560253408
ck_4be03a2aa62b93c7,0.0019581270718684383
ck_cf920313f6dd28fa,0.012295185086946143
ck_fb00aae4e17740c5,0.006864446480353198
ck_085d8c42739e2b10,0.9810884131296893
ck_c72a7d0d03cf3e17,0.170514476480774
ck_8f6ca5d3b17eac6e,0.004949318667622397
ck_d9573100bbff4014,0.3288883804100053
ck_79d6793d1d0cf43c,0.0021813289409581553
ck_91fa5032f7aff0f1,0.11636256481899405
ck_87110d84872c0fed,0.010821079187482567
ck_8220da627e9992a5,0.004094517957672434
ck_2ae44938847f3852,0.00849917627324487
ck_b0f191e44f9b6f35,0.04358660000923572
ck_3049d744b527f4d0,0.00538036166113393
ck_47d3e8d1dd3fbcef,0.01930568217576065
ck_ddf787359d2b5deb,0.002375384779326859
ck_b27a9e39726b26d9,0.0024781871759099144
ck_80c4e9274cf976b6,0.9808634213302847
ck_c6afa913168ce8fa,0.007046352467164795
ck_52427b3f8478db19,0.014780959737981542
ck_3b810f15ca0eaa55,0.004146400669520799
ck_0c9e420f97baaa06,0.837961537830583
ck_f8540cf3a8b2f8c9,0.06616394664618691
ck_1402d24dd623df72,0.008757485073254502
ck_eb4f4267e24d042c,0.0048595396260975345
ck_6f661b428d6fb8e4,0.04918777749463767
ck_519a26ecf3d29c90,0.004658148813810521
ck_e886ba71d4a6fd73,0.03725963713387862
ck_437f9ecd2016a1a8,0.004875696439508698
ck_f01af1b0c977cc06,0.010857723237436516
ck_614f777c2eb5d537,0.0024809032077702012
ck_b804e784cde9af8b,0.015933244232647623
ck_c2dccbc1b24b137b,0.1459869046310174
ck_1df4a1781a0f6999,0.013083412068141247
ck_bd2cdd53fca26171,0.005884636601885685
ck_424c254249a109f0,0.030096311460309926
ck_cf2ca4f286e289ba,0.06747541265121293
ck_6c33cb15b0d8af54,0.005713838078696773
ck_311d395fa9b8550a,0.00907087552256235
ck_9f792e7e721ff7f1,0.00384410827582162
ck_4c37586080edb7fd,0.0022190346865418177
ck_7c4f42c5397113b0,0.00611116886550708
ck_fc418f53ce4aa579,0.9189575666329955
ck_1ba28fb7ef726ce2,0.011712344091376614
ck_d932f98bf6b83956,0.10048745670822608
ck_248b3659a9239240,0.014167108360062944
ck_6a92cf5f4cf5de38,0.017035742551686477
ck_65519d0fb137e0c5,0.004498981547163331
ck_ddc3fc99eaba2064,0.037647682553023476
ck_7310cda3bc65a73f,0.005083948297750882
ck_c01c85bd631d4054,0.006699560272248165
ck_b4954d16b9749829,0.008988019960312793
ck_f301f6758e170d66,0.027047127594468246
ck_9bf95f8c47e7c7b4,0.004090461150005742
ck_c91b7fccf6aeb4a5,0.04065716141130982
ck_785fa45e86bc5e95,0.011177511756798977
ck_2a65f1cc23f1180e,0.005844039764259385
ck_a49a2c1f881a3560,0.004892738023567101
ck_def344d68f06d749,0.0094172732878823
ck_abbd1465fc730d78,0.0059687647881352624
ck_07a5610ed28162fb,0.016779142054527584
ck_7ecdee2d7127be8b,0.010695925264385078
ck_67858bc00e81490d,0.001322746137618848
ck_b4ad165ace910222,0.0034794909225932236
ck_30753ffe481a1b8c,0.5345655284030829
ck_c401a26725b17177,0.0032775791129571173
ck_819988d8a7f26415,0.004573664909085806
ck_3364a1d9261b3638,0.007866497877624716
ck_c484c5bda389bf20,0.0034792504067421956
ck_ae416325fef92c9d,0.9275002835516347
ck_5517b9a865960542,0.003261915926353803
ck_a0e96fed380440b2,0.009150370882627342
ck_e83409471d2b0b44,0.019297541039920072
ck_127273af97d7827d,0.005105462871135221
ck_aaa9861c91bd14dd,0.004064140223086814
ck_a378c58294001a36,0.8856760173613231
ck_abb9d65ff1f95b64,0.24440496700544004
ck_a5ecbefa849ae569,0.017944969694772286
ck_aa9953c0ca2bed7b,0.0019871058467954023
ck_40bc6de252865f32,0.0025168358368383207
ck_9fb11688dcfe1513,0.006993357272221167
ck_ba68841ca2ba073d,0.037034847536160764
ck_1d3e561a7d20be0a,0.9640734643776537
ck_99a92d710a29c1d0,0.0056622059712015576
ck_ede2e887697ffac0,0.0032237880060518582
ck_e6de67c0d82a7b83,0.025275350154927285
ck_6b38763bf5ddbcef,0.04626014643997891
ck_8dd44eead7d765a5,0.014440318103226301
ck_30bf5b0056eea9e9,0.3023420834672362
ck_2981d16f8a51a8ed,0.014986632941487133
ck_fc60f42c68c7024f,0.024906772918947755
ck_8e2b2251ee224aa4,0.011694477890117336
ck_1906f0dfaf6e9bad,0.6474872841291465
ck_dcbe6814fc4ca0b4,0.06022091166740895
ck_f7e958a286ae3b57,0.005154943343387726
ck_713649668a7ca824,0.019318594085920935
ck_6f73cdbf9305e2ea,0.012295956572925799
ck_dd1c490050cd9051,0.027155351893315655
ck_e30db36e376606f7,0.04453674018977405
ck_740d8fe8028b5a2e,0.00498177681594614
ck_ebbc9418cd41f692,0.0027525127489515535
ck_7b3cc6cc3f250f39,0.024972724171844474
ck_1d30eef7110809e5,0.1553188676626437
ck_77e0589ab339ca66,0.0064097335103004095
ck_15ccbf8ff7d14086,0.008941266303496996
ck_246989b0c288664f,0.01793435645040899
ck_fc2a6e27b10b10e9,0.0031372693280176996
ck_8afc1112c12f5402,0.010934175805078106
ck_a76e8d83b9141364,0.02888075875851305
ck_51d3e8dd7465c015,0.004600550986971163
ck_e7b4016909405981,0.003432724536256513
ck_e7a3cfb9bf908e80,0.040353712367200624
ck_2bb49dc2388cdc1e,0.004751920747560219
ck_94f4266ee7871345,0.01077453425535844
ck_b2c896beec146477,0.00960760206836012
ck_fcf5d4a4748cdd53,0.0039233381566722144
ck_fd0483639811f62e,0.19014070431150507
ck_9a21d183524734aa,0.044069271636388456
ck_1df4b46c0a4c317d,0.02616751286948393
ck_638df9e8a22dfe0b,0.0068599983420202714
ck_65acc43a6dc3e65d,0.0049564851931332785
ck_7c67b73196e3d0d9,0.007933058258100534
ck_b0ee3a98175b462d,0.003267201416786552
ck_20fad010969f1abf,0.001691000564548085
ck_54b087bd873af8b8,0.020052673936150386
ck_8007824431fa803b,0.003658836858428608
ck_23aab322810b9fec,0.0117893968233731
ck_c8001bdb9aafc8a6,0.009041610772392666
ck_3a34c3ac83cf84b3,0.005320521749700792
ck_60187ac2c473a662,0.9811275597080346
ck_6a0ccd7357979f0f,0.04209405356316597
ck_27f20337bef5ffe0,0.024525552101318137
ck_f9fc468915afe49c,0.02164553103932777
ck_1eabc15a94bd9009,0.012849473198875782
ck_26896c494b2768ef,0.009820742087316682
ck_348c874eaf0354f4,0.016453736809209082
ck_be9c46acd216b45d,0.017319601170245447
ck_a3cce46d15cc20a2,0.04755497028235301
ck_70804f60d9704128,0.026827844639586526
ck_a019151ca8e7527a,0.020508377983104464
ck_571133b2aa8ead51,0.012159794420909713
ck_0afa4449f20d5196,0.008914788850468798
ck_4d503c41cf4e5034,0.008490368265723495
ck_d6fb9cc5171e3e9b,0.8376628380818382
ck_05ed92a7c3e10e5d,0.019341840440725722
ck_bfb067986660afe3,0.02764030663101742
ck_c1a31690c8573226,0.006282941482856225
ck_cb88ef3dc1f42225,0.004279918962077014
ck_21e3b3bd998745e5,0.0492191587756775
ck_cf52e46fa54e4540,0.0017636093468645527
ck_b72c7ac4208052ab,0.025595074501550786
ck_e6465c56b337e6c2,0.012598889505256563
ck_5f87eb05d18186c0,0.04212587393802117
ck_263f6c5ff26b5e98,0.005750702834456323
ck_e0b7e2c0bbe228d9,0.0021714083560900525
ck_b657ae3c146cb7bd,0.006979730780339339
ck_abac514d8167ea58,0.029600211111616023
ck_024dcab126876002,0.006150729903254282
ck_5d8481e2b38bd99d,0.009502532029899346
ck_edf229c17d25dac1,0.13987128091315884
ck_6cb7c97b72d6b5d3,0.010809687334867072
ck_c96ae2c28086a059,0.059241500253491584
ck_2f241b97c0f8389e,0.006057167313162676
ck_9158bdbb63ee8987,0.010863694290500228
ck_e7b40b60786c1530,0.004160021519981859
ck_66d38518f68e6194,0.0014862471145557568
ck_8c9b57ad2a991416,0.006913351968991693
ck_cc91bd7152d3e9ba,0.013318092877927576
ck_0d846660c7957a88,0.006472120325448356
ck_60896cdac2212bea,0.05086148079034409
ck_dc4db8b932df49de,0.14330846038590406
ck_2dc31db181150e20,0.007685449317353187
ck_2f138fce1171e277,0.010109492381305743
ck_68b8b859a6ef505b,0.02023370889083257
ck_c3fe0c6c5e1f40f6,0.004224873381715395
ck_15886fe84866de92,0.015249162506927668
ck_ea269b35406473e8,0.004087815189302477
ck_3ce7cad1f69b71d6,0.020534911950801194
ck_054ed4288ee58d6e,0.008898390337037829
ck_3d4913a86f207fee,0.0811408251681944
ck_23ff85f9d2355e8d,0.021388421460125567
ck_d87ab3261322216a,0.0038617781439981764
ck_fac046ce336fe39d,0.006385881261415191
ck_beb97e498e6cf8e8,0.080643642430738
ck_1f517e0ebf397b51,0.007415212218745466
ck_0af57ebaa45877a1,0.003636092237842859
ck_f99bc1732ce5e999,0.04983918766012443
ck_abb056a9deab275a,0.05135607678675886
ck_0bfc394c5faa65cb,0.018975488710718844
ck_ddc865af1dd5670e,0.019847742379434204
ck_68b5542459638b56,0.02497962869738912
ck_0b1d84252c0b46c2,0.008918038900981359
ck_520ec32c4f253604,0.02759895862274354
ck_79ffcfee599d77c7,0.012555149081798856
ck_eb224c0fd146253f,0.03531515908085972
ck_0e477084434da450,0.005065422937914141
ck_07840bba5570785b,0.009280174194020396
ck_6b67fe8e310ab865,0.014861500728590459
ck_e2a1068c2fa22525,0.028514242355306266
ck_b9c6b32f6bd92a3c,0.006877612660877454
ck_c1e7d1021ae58f00,0.0015253939960096954
ck_5d7801201749ffde,0.02075857385797647
ck_c8806749e263f70b,0.001374968670830871
ck_c9eeab826781dc91,0.03248021792032334
ck_309a432c160a17b3,0.005672162803704492
ck_b22e3337b8e3dbb2,0.011279491203238812
ck_79c30169c71b8033,0.7610355165920099
ck_5a6593d954085775,0.0032374611065650438
ck_70b9b79ea1aacba8,0.014846487712237353
ck_63743141ffa11f45,0.010728969820005091
ck_dfd3dbd0d97a642b,0.005107144224241058
ck_635646a661f05b4a,0.024059771051531537
ck_4b123d6931b6d0d7,0.33308103570859304
ck_f2b0e7a47f442557,0.8717953942705542
ck_1b1df006b81d38ba,0.011900311604248237
ck_360237c1bd30f4bd,0.009042105878081097
ck_5e84bca0e362da20,0.009396917683506438
ck_142dba210ed2f3b5,0.05694581550564587
ck_a3564236069e3524,0.03014311182831674
ck_cf36d8b070ded782,0.026529900524921404
ck_ddd6625c5eddad70,0.002479172744294628
ck_ad54292a0b2f44ef,0.007681700935962075
ck_45cd5ef6b359e9b4,0.006798235247683398
ck_982c2392238b7be3,0.33700552993404687
ck_083e4ac78685c3bb,0.02707463671953068
ck_729cc0b46cc2e546,0.1278409507957302
ck_f2b8995fe5402759,0.004100731987719832
ck_73e24f5a8da289b3,0.0255380433672585
ck_bd85f30c36f5998d,0.05615870825410676
ck_ee4ff3aeadf912c1,0.002500021544922009
ck_63d2978706e193d2,0.014839944935226454
ck_6a0684436a1e66c3,0.46981776482565635
ck_182dc4a2f5a366da,0.0024269632815345807
ck_e6fecb82fc2a82de,0.012866172562398123
ck_cfb06f07394dfe64,0.0022477780175262706
ck_7bbe1dc8add17ef0,0.013440714676550683
ck_5cacad76e02c8e3d,0.9637866233267909
ck_ca68dec0c7df5a12,0.008428958935776177
ck_e4c0fc52c82065d3,0.007079858743888368
ck_f9197b070416f443,0.005895135161198664
ck_2a07c7021b71cf65,0.014392980496691127
ck_4fa85cebf707de2c,0.003065549021213585
ck_0063d2a9507467e5,0.007256105405299818
ck_ec986285fff05b7d,0.002770525894759909
ck_279d43303708109b,0.006000424779140655
ck_a406bf11e48cf8c5,0.049915059816687445
ck_064b2aa3f0bfdb6e,0.006068377881679955
ck_95790440bc4bd2d0,0.019228236431554184
ck_70066eea13b4c34f,0.008660172289395045
ck_19468fe07e26f992,0.9219900697260851
ck_86bfe328e0a533b9,0.8189873670788229
ck_ace3b96c977a7560,0.06468167422733548
ck_642344e5c652d8df,0.014028945916649833
ck_074be35c951ae10a,0.007896700081225444
ck_f14dce41036486a3,0.9764500890056481
ck_5cf67a3a747e684d,0.25189976594717894
ck_f7285b92648c1c81,0.002958580374123259
ck_bef3193f124fca5c,0.21444217597003412
ck_05c4dcbb45de1f8d,0.0039386460992960086
ck_d7c28eaa05bb7144,0.011998373890986623
ck_320df984791a1b99,0.003753571130595416
ck_f45bad1606fa00a7,0.008325198413168332
ck_6f81c199e986d9fc,0.008054812914032351
ck_d0c9633fed57c344,0.02830374015680916
ck_a3c25d6cc7478068,0.011169573514835001
ck_4185506d12cf9fa0,0.0029618611935992994
ck_7a02ee1bfba7353b,0.027267249433736918
ck_1b52590757c0fbeb,0.02664853032323498
ck_a0e5656e1cf9cbf5,0.0036420557249810938
ck_ace21f6daef94f6e,0.005777141866415039
ck_646d8d0834782d6a,0.27041998864734357
ck_1f136a4476b5e775,0.022866299557804847
ck_325c7643cce02da3,0.07375893913654098
ck_9b5e7fe28208f5d1,0.0033546646884833257
ck_05d81b1a150f31c5,0.0048376091330721675
ck_0e9ec486bff403c5,0.007912831543876417
ck_ee13c091bc379188,0.009405492739073174
ck_f7a7f8f5903617c5,0.009139100788503515
ck_96c3a3517153390e,0.008170547115485984
ck_538dad7f096458ad,0.0034967132892227263
ck_8758fc6622bbb7df,0.020712174019359042
ck_f7e53af3c91fec64,0.025017767661346082
ck_80b50fad7f255e1d,0.004365486714153428
ck_9645e7adc08631b5,0.011600514302285017
ck_e007aedbf37d6ec7,0.013965344373629875
ck_2951d76c41de2569,0.06010278975010236
ck_9439bff87e616d4a,0.005913181316934733
ck_a73045e96af0e4fe,0.012376629457993102
ck_7b382e533e2e925a,0.03087898209590273
ck_730226c2d216cacc,0.007303963693813558
ck_bdf837d761a7cec2,0.3457269546345414
ck_0b34197335ba3341,0.01073568793840935
ck_49170c4b31a20f5c,0.002570799305493121
ck_cd553ba6589d8bfd,0.015486731470653672
ck_56b992c6f136fa5e,0.009147362911920505
ck_8beae3d7328fa41a,0.07900651875777455
ck_1a065ea906ae3d6a,0.0026941170473091663
ck_e9e3381d5e0e5051,0.0056468334582683325
ck_a6d4f998dadc90c2,0.7495922363851152
ck_d36733da917115a6,0.022807625290772755
ck_e738e920bbd74a7d,0.017541644441395537
ck_af65eb885a51048d,0.0014395290013993576
ck_73f4eb09af29b1c0,0.04564229798441197
ck_8fc641b1750a2542,0.050112979245561955
ck_41b954c7a948c060,0.003436048347363646
ck_25fc3010e8a0f6d7,0.005944254458614926
ck_a2624e0387974e0e,0.05444224142903268
ck_5cb9d7b2329d5ab6,0.05142767201175869
ck_6c83aa1d100a7cd8,0.0398661684820778
ck_67025c64588abd1e,0.0016276394698671304
ck_f5dde68f6f0468e1,0.002562507256271147
ck_46bfb2cfc29a6d2e,0.010847309450821623
ck_49dddb894d33f6db,0.03521715407321416
ck_f738b633b8862d18,0.001783481907986771
ck_3d6c3c00d854f5a4,0.2727286620572876
ck_cdb8061d8d1a6c5f,0.0026457249040178397
ck_5e1b81848718bdc3,0.028966299871599866
ck_8def763034187436,0.014531441455787377
ck_8f8e4fb9c6190272,0.009719628892984477
ck_368b968b5f33431e,0.002128088032660569
ck_ba7e347251ea399b,0.023046035268306477
ck_9075432001a64e75,0.010356899204553639
ck_73c5371635aca173,0.7854591188879639
ck_81793387b38047cc,0.0055202142517510695
ck_0cf220816e320ac5,0.005074366699283242
ck_820219bb9c761b52,0.315790507842481
ck_70a932ab39d86a24,0.002288475298451659
ck_2c4be237a7ed79c7,0.0026446205086586524
ck_acc764b49ef02826,0.31668274847752315
ck_74c3c3452e4e7cce,0.0063297207701794615
ck_34dfb57e5bf31d2f,0.013675303913870361
ck_6ec39903f765956d,0.01751172803781288
ck_5986119e7d81e831,0.016864442468493182
ck_2ddfc948b8eac752,0.5638019811276817
ck_921ff5ceaf40a968,0.027285339140229698
ck_fb3b68b4424b5f92,0.07445190693025748
ck_c3db1b3ad4f16679,0.009061435705324986
ck_124a197be41687f5,0.012930938506932948
ck_c58d9151834f5bad,0.016923854688968627
ck_389607982eb6b701,0.7007829150005165
ck_fb0c138c003e933a,0.0021313374545396187
ck_50d0bb7edd8c69c0,0.03888132899979616
ck_c6cb651149dc9a8a,0.0033868060619439595
ck_81e21354e477eceb,0.010233132893171421
ck_7696e38b3e4197b0,0.005668166134139711
ck_586001d3ed9e7fbc,0.0051452154913243205
ck_bba413492dc46f2a,0.01342621572550876
ck_95b894380ad2702a,0.045247189641253245
ck_277621473369614f,0.9853091395587364
ck_a50621b5eeca84b4,0.002276834835924224
ck_bfa7ba218b988cde,0.025332551977264566
ck_5ea89567dfe78e4b,0.016133943703571196
ck_6c679602a6476ab2,0.005941819640713925
ck_d3885e286b3b11d2,0.08986908804673167
ck_cdcf6671b37c9c92,0.027959029327401224
ck_b5c93e6d34f8d366,0.003698298106870645
ck_c24f61925dc158d5,0.17077119796932513
ck_cd09375e6c81d2c4,0.018141698177084376
ck_a95afc7a00303a26,0.022072295830212432
ck_8e89ca8b39f3f8ad,0.006143924441014665
ck_9a84b396aada3fa8,0.1818936076270394
ck_5124a2e415384945,0.026232532104742478
ck_d66bb1f063357f99,0.003480474647853761
ck_0fd9312411b0ac55,0.022348449987735625
ck_ad8cbe6e27e47ede,0.04140335088875279
ck_8398adeaf41f9cae,0.016466968480623314
ck_dcf851e7bb5855d0,0.005351609335607593
ck_9affb0f26776b642,0.0031513673698414044
ck_f0424b3b36bdbef0,0.04817265865006842
ck_66746d1090d6d9e9,0.0025495071128283715
ck_e5f8c8a5824db594,0.03507220900613404
ck_3e91dcc209431984,0.04954791339722803
ck_126a82e8d42e5ce6,0.004244541698395703
ck_38e4a74ab256e2eb,0.012127717949136254
ck_1225a97fc413a419,0.0473552076933861
ck_9b5ec0f78e160e65,0.003580363037592744
ck_7c5529bcc079600b,0.008912383297889613
ck_29640fc2fe81c251,0.008566784081991451
ck_160e9ba0a3f7c1fd,0.0034129143387368263
ck_bff090cb4ab76b9f,0.0055353667331200715
ck_aa06ed358e43db69,0.090025620702422
ck_7264486eb512d84a,0.004159960909384041
ck_f5a32e6160b28379,0.0038430259222668587
ck_4ba8bec14c2217e1,0.012173035017761824
ck_610815786d729d2f,0.004812914400573412
ck_e267999226b6321b,0.0016528283331963373
ck_f3996a3c8eea1ea0,0.009821409476267653
ck_e9b75ed7567a3f23,0.040658138623444216
ck_d21612d48bb4f7b8,0.00951077214513676
ck_1f871df76c6a995b,0.10536795553858254
ck_953bd5de48ccd70f,0.7611565716669658
ck_02a9104419a6dbaf,0.0055200883166338505
ck_1eeeee651e05d535,0.07882210322127475
ck_e2ab04136a442a98,0.004576257648830804
ck_f0d806624ef3d359,0.016340305633714327
ck_4b68b38c1b3326a3,0.01317571705746679
ck_74e60495f8861156,0.02611740320371307
ck_398f3f4cf05c721b,0.0021691612273021872
ck_f761b7650a0c1a85,0.008335012656077022
ck_7dadef33f5e2d94f,0.9715461538028226
ck_6ff6883633b8c7ba,0.0021182990362929076
ck_4d2159603045109e,0.0077746461452289925
ck_a38bd07a5fac5c9a,0.005764501687319123
ck_f517f06551e69507,0.007352291895013525
ck_a7ea00a1760ad561,0.9747204169389677
ck_31fc51d5a3dfe16a,0.019980384924272353
ck_bac5233623b25ca4,0.013175889136132303
ck_385188ab27784fe3,0.08993845912401748
ck_9947a323bab5cacd,0.028824449301782185
ck_7973edc9f22ee7b6,0.013877378105268548
ck_f97c477986043755,0.0024763401569926568
ck_1a3fd2cc4b4de196,0.00693760633314145
ck_e18ac29ea62cb435,0.02561844070088933
ck_9720a472a3e0140c,0.0032231522559391236
ck_668c7fc7d7e47c0e,0.11661175431957849
ck_214af0806470ef48,0.011140344820484253
ck_a46c1773f01f0be7,0.1306100567951654
ck_f2bdcfb4203ffdee,0.08836051591780236
ck_40e84e6ffe788a4c,0.02078412423047889
ck_dfc6f5712d8d6678,0.06401886228421323
ck_01ef1036b2e66a4b,0.005348445581653499
ck_3acfec10eec32f9c,0.013194531732926125
ck_084a85145c15ed77,0.005754706835581668
ck_fcdb4fe2f095fba1,0.05192282135506928
ck_023908db0a193076,0.03662054446576283
ck_fec0ff92fd622253,0.008906295229604148
ck_c009c97d5fafbced,0.24944687508066302
ck_eb9f0c06ee017ee5,0.01521335903770763
ck_d7792b429620fc24,0.008539600906728869
ck_5e9e149a3b69c726,0.023057783869101844
ck_ce927322ef8f651c,0.015122764807263553
ck_b8fd61a8e82bce32,0.9576333429943366
ck_9aafc33fba1474cb,0.006035021594881051
ck_ce81ff9b8b35562f,0.011338860611326586
ck_25bfca1d8eaa152d,0.028668305092684702
ck_170c65860e2a7e23,0.00705543596187945
ck_952da7ca9f33decb,0.0044727382243261934
ck_1ebd574406235957,0.008992346340739643
ck_589109a188adc2c1,0.002734575279410548
ck_f0cbd5383bb07778,0.02748705770045984
ck_242521e261148fba,0.004060158435727971
ck_509cece86a558de4,0.0046919495195829235
ck_0dd7c5925d28755c,0.0068556555285117235
ck_a7e669cf1c3985aa,0.015841856036904915
ck_acb84dc2351eeb76,0.0015994281079284589
ck_b837c7dac2a9b931,0.027099443440805764
ck_18eb1f9181f95df4,0.004591540073925252
ck_b0b9047dddb1ec84,0.6839472993547724
ck_43aa136bdb0a2832,0.24347791796117035
ck_3e47f8c56c811700,0.011828809264827342
ck_77c587d24695ea15,0.009991590894025308
ck_20578ac693ea4e93,0.02142608881074906
ck_b9f6040eebd1605f,0.01854660024422229
ck_ca9d86f65cfdf018,0.0075034267686911555
ck_a4fa8833995c716a,0.007455569117583208
ck_f589f1e29301b5fd,0.007259346053742791
ck_961ddb8ff55d868e,0.002621025001662506
ck_5662492a54e6688b,0.02709301426024507
ck_ad48826c1c26eb78,0.40553016964838123
ck_621c9ddde6bf2eca,0.011171110089905442
ck_417a3500b2c717b3,0.018959331938821492
ck_c7e129058beb3ac1,0.026173468634412205
ck_ec1c902b9b9b9c5f,0.11074836882333881
ck_317360ec0a67d27e,0.06703480606359868
ck_3e3ea5d8c4a229dc,0.04108675447991956
ck_d11d27de7bf0b973,0.5728802282770254
ck_d37d56e931105db0,0.005300827374368576
ck_4863077723cd6ce1,0.0022234254075468207
ck_479a065d5903e9c3,0.005592741446432174
ck_e66ae4fd586fedea,0.009679215173305831
ck_192bbfd0d5720134,0.004439428081042513
ck_3b436cb29af99f3d,0.01096354204439551
ck_7c7ca54969eed187,0.054213163211992065
ck_826ee896c9f1144d,0.2331508051418447
ck_ba1f6dd43fc8a0b1,0.009096924229443625
ck_49685deb63e4e8f8,0.011537359460477426
ck_687ab5d5554bfa79,0.06214633332030356
ck_41346ccd9242cc8f,0.004314486683008568
ck_8f8e5e2b9dfec3d1,0.02845942337514532
ck_94d5ce61a0c50465,0.006243965058937935
ck_6b954c75aad8c012,0.018589391573750325
ck_748af92828c9d288,0.004389705426372355
ck_dddd14091ce812c2,0.03590028803754377
ck_723323f6870fab59,0.05164152317813561
ck_dbdf8d0708cc6718,0.007925262628370726
ck_f04938570a154de3,0.00619557556222058
ck_58afa1550b3b5294,0.010646900336529557
ck_3b150afde386ecff,0.01207624811810071
ck_666b95e75d99ec4e,0.8791792017321098
ck_e00332597cf1eb24,0.020515607711551875
ck_9a9e3dac79280d7f,0.1295014751254044
ck_e8d37262e859d9a1,0.01761549734893823
ck_895bb39d24bc1c4c,0.002116755641161308
ck_b367449195e36499,0.017364754802076353
ck_d23f9a50d1135ce1,0.0706799894210306
ck_670dc4910cf476c2,0.002539118216796133
ck_3ecd8a5ce65e21ca,0.005788775225747129
ck_8584fea2df4c6317,0.07174353359373829
ck_0789ff4562202b20,0.02317163059227163
ck_749e0e50c3907be8,0.0036705327436753633
ck_c3ff6790cc6d7e34,0.016325570075738965
ck_75fb7e56432ee4b2,0.005561006941872215
ck_529fc3170fd11abd,0.04330375866010414
ck_34a69b3b4a681796,0.21210954493858383
ck_255f0e5888ae9e23,0.027785742014585803
ck_65be698386474170,0.002242638633415096
ck_5eec9ed855c26000,0.006366161604150469
ck_5ab39bdc9610f6f3,0.430686237901027
ck_1b5b75762f033462,0.005053202773996703
ck_d3e208671cf37f91,0.9278946098866179
ck_5068ee554ceff971,0.03358272738557761
ck_d7d50fb57fcb2d0e,0.002565438389768936
ck_ba6e1115fceaa067,0.011946181369059937
ck_d07bfb16a4a7dac0,0.896903787226965
ck_ead68310311690c8,0.7448936685552315
ck_ee53ce862bc9c111,0.02143870719796516
ck_97e56e6037024dff,0.002296430255625892
ck_80b04344c98ec072,0.017234895281754016
ck_5954f45a2ab45f43,0.05853355624077228
ck_18ddf7e836256e3b,0.0155827010837715
ck_89a1a780144d808b,0.009111002819069682
ck_a7331e8b808c39aa,0.10391281106167237
ck_a1fd0ad03ff9b776,0.04570331026557345
ck_c0cf50eef030b401,0.0016118047887646169
ck_074f20921189e7d6,0.004687830967139195
ck_e2aa7be60794593d,0.06486691266119012
ck_72771757dfb7f7a8,0.009454729144791613
ck_a9cd84a6dddfe584,0.02142265466552276
ck_142c00f9f8557504,0.04496790744779075
ck_221b5d40358230f4,0.012596326838360594
ck_a2d7a563f520b7ea,0.015384442124324818
ck_66cd34bc568d95e0,0.025425601588216107
ck_a17128972d3e507d,0.019263716430869788
ck_bda299466bb2136e,0.011463403326792255
ck_2b699066665abe8a,0.01612771567173357
ck_0ac9848bd4ba0c14,0.003379679143047184
ck_98d2f9a6ba3a3077,0.8111934761254781
ck_a872df31b28a5f7f,0.1752444680050956
ck_7e73e1d44ce82ed9,0.005008781028625511
ck_1a415416f620d49d,0.005301451369778949
ck_c95c786d2f8b8edc,0.007077827539407549
ck_e45012f22b7f91d5,0.006374009895411817
ck_aa0b083e2a6813eb,0.031782999679010694
ck_4666232ddbf77756,0.007651555732425702
ck_e08e9c8ec5f23d8b,0.02254082690501771
ck_31d4c0518e5f52c6,0.0035986834481575992
ck_c1ab40638f04cb02,0.00818455723869536
ck_4c1fdd1669c7cf51,0.0020282520407321563
ck_11662cc7940ffc82,0.04334183988867948
ck_2e679af24adedac8,0.0029858702014508077
ck_454b9e21b7f25a4c,0.004374099612230031
ck_355c4f29089731e8,0.8879076887279934
ck_507e40760a24d2d5,0.012442581192728492
ck_0943e0f305078e34,0.9646816651040907
ck_abc54ed7111e9ed1,0.002582994350567268
ck_a60fe02fc04407a9,0.028793600972803896
ck_244b897bb4d57c1f,0.006227075307028454
ck_8c84fcde93a04334,0.16512268140580347
ck_9eea37d2de633b27,0.004035699597260149
ck_b2cb9e6610eca967,0.005800191770535124
ck_09aadb4c41b166f1,0.12329782758466205
ck_8d94fbb4828ef326,0.006838606182160916
ck_089e3a07abbe3b8f,0.006007337652069722
ck_dfee9de05e3971cf,0.007903446201345433
ck_6abf8302ce052451,0.0807426905443926
ck_6ffa90143838a4a2,0.004120315367429632
ck_325caeab5c7a9c3a,0.008501464995311209
ck_1964ee9db929a173,0.7594808423849241
ck_942b95988a6245a6,0.11894233462483368
ck_913ecdeeb8e21a9c,0.007526077128543754
ck_ecf9794349eb4b3b,0.02689850584537316
ck_b6cb8d6ae828eed1,0.03636255906415561
ck_2f82ea66c4f53b33,0.09862882360805937
ck_6e676daa4855b58f,0.048176228988357016
ck_2a37fef48b44e9c8,0.02592625483767597
ck_3bd12d468fdc2450,0.005734961491047907
ck_1a28b6a40a6bd3b4,0.09724964205530688
ck_61b79dec96d15713,0.0014308714558615703
ck_31d5e3daced93d3c,0.01015143482510239
ck_e6c8611c0cf233d7,0.0033252349140233707
ck_f04761b4a937ac3b,0.010113049391748341
ck_38c1c75cf055031b,0.019937387759283706
ck_59a561f3df01441a,0.036817351067261535
ck_04e40f556a5062ef,0.01404596005002127
ck_8409716d174635b6,0.0066342570435404535
ck_3019afee83342701,0.031614037870793775
ck_b51a58e7f032c9a8,0.034063943318122195
ck_5043e474f848346d,0.040575647566503316
ck_4388abce33ecd01b,0.45456730056253863
ck_c93def7392f0aff5,0.01919991756611668
ck_72e7b1acc19df820,0.005005510084788123
ck_f253130dc3ca5b3c,0.006542741182267074
ck_eb264d1b180d4b4c,0.04271127727465577
ck_c2504f5a113433ee,0.0025528362935248864
ck_c16ab1e4dafb4910,0.15408741656019678
ck_4bc42878fa180991,0.01144390169363091
ck_1c771a7c78f6622c,0.05189753597481511
ck_d523f0e50a2747ad,0.004472455443233655
ck_9060f4e7ab7a1b0c,0.015316581601100875
ck_6b55ec4e87a5e22c,0.11505878505261095
ck_55fc62a5f89a7251,0.020546185668939038
ck_bd2545c62f258231,0.04754798169676411
ck_1ccdc69d0bb712b4,0.015770113139264488
ck_710f867a3bd5898c,0.0032988241850576256
ck_f91d48c40337d375,0.007596959728185496
ck_f76d929541ed41dd,0.021114002121636773
ck_e26a6659c237b650,0.026568032183454892
ck_184983177b73dea5,0.013126909034932936
ck_6d0d081bfa8a0022,0.028608146614737078
ck_2f6e64f638da0f97,0.0029679650525901847
ck_15b93103ccd38609,0.014642862626428771
ck_094d10439b7b4eac,0.006640418168578706
ck_d2ca47180a926ba2,0.030784382043421783
ck_a69ca7b9d70972bb,0.0036712654768912643
ck_68914e67343a7d32,0.007421906222299778
ck_8176616132458c0f,0.05678864735440492
ck_eee99af3598311b8,0.12364900873225289
ck_94410eedfca91304,0.06453999251375118
ck_cfb11a0a2325bff5,0.004840305077032397
ck_75217ee144b715f8,0.11252670053773524
ck_d56fc799542299b8,0.004705370516057888
ck_4c352dd3e7c81269,0.09989604282351279
ck_e23e50e02cb3904d,0.015392590914426635
ck_b921af37d500e139,0.035372589384560026
ck_82181b935360dcbc,0.9771611167481047
ck_22a7cf3b99c5e5fd,0.008091185228932256
ck_f67ee7910d532216,0.03876496771933021
ck_5f48762a14a0326f,0.0049602694201880855
ck_1757fcb0e6e3f88e,0.0338932775163221
ck_2c2f080ba185016e,0.07079108665873736
ck_4c25570eb72711b8,0.00513607315363813
ck_a3be871ca22ac416,0.017441339043263296
ck_ab70961e7c6695b2,0.01093629040136817
ck_a1cdebfc42a52448,0.0038535281252974965
ck_f1b80b821a20186d,0.05196688086035098
ck_ae668e4564cd2aa1,0.008557841243704364
ck_0e2bc3a5afa439d8,0.011578954215075807
ck_3dc378f37d0b74b8,0.020382334965661286
ck_9f9555197480d1cd,0.004286679448254326
ck_bf4e7d48770a4a8b,0.14760563779343006
ck_614ef655f0685060,0.003935726271310342
ck_04d2ea38ee27770f,0.0028810109766563125
ck_e03a9d8ac94161d5,0.0053251976473935045
ck_d4007b5b26d9d854,0.0039041133173354733
ck_2dd147ce6d61749f,0.0184199953909084
ck_ff45764ea7d6619f,0.025581711545784494
ck_dbc487cb0a6c18da,0.9438883302565846
ck_791d5392bbd80447,0.011369026781469465
ck_b4068439c413b150,0.019477646699845082
ck_85df7b7de9700aba,0.0023366920492131856
ck_001e42551cd06e40,0.0064019762755811935
ck_a6c02ae50932cd9d,0.007862158659938064
ck_9fd0be2c018ff5e4,0.00673192142098756
ck_32a495128395fde5,0.004859628098048545
ck_b6f2a2fd232c141b,0.006156312464040342
ck_28dde633692904b0,0.15770498586740003
ck_a1a93c5f375f6021,0.0051840329054308855
ck_e3982142336782df,0.013154584129755204
ck_a9812ff3c111ea94,0.021552209905330817
ck_f04062216f95fa00,0.019643929071642235
ck_7c560467daca735f,0.001044743816718148
ck_76ee10d6e2dba70f,0.015265224649287345
ck_3521243bdac61178,0.009367032788840995
ck_28588fb03b320520,0.06919148579622054
ck_580dcec33ec232b8,0.016530880563018005
ck_7109923fd7dab20a,0.011312585934999857
ck_7c872c99481c1e9e,0.011118608639725353
ck_46f4e1f5026f4d1b,0.0012111036536033466
ck_00d1ebc31ec4653c,0.0029505448433368117
ck_aac70764dde15168,0.0681557701064212
ck_648c03f9aa4e45f1,0.015191683839000785
ck_5478eb69ef912785,0.1604522648334577
ck_79b8523137bb2603,0.07365958481433328
ck_795c49f312640019,0.0014663143675475703
ck_89184bf7b7fe41cd,0.12459280327537174
ck_97d4bd922996fa10,0.0073247511806752924
ck_1cef30d08f3a598d,0.004493199151571161
ck_2f9fd36a4a40a6a8,0.0030912129763268708
ck_40780fc0f8d6f309,0.009679774717483125
ck_9083ca9fec2a7f4c,0.007038131054865821
ck_62081bc35aa59931,0.008269237265309499
ck_2e1b46c5fc56b863,0.07245602884215856
ck_3d139692c51b604a,0.058851032247640815
ck_b5e54e22e3d6960a,0.00821782085486451
ck_c0c4be3f44311b04,0.0036608227700330753
ck_82a8bdd2692c2a5e,0.001661083036094778
ck_bdd2da300b530c5a,0.008630580194209888
ck_ee40498cd97183d3,0.005758865306397895
ck_70b9274473bd6dfe,0.003576861536565768
ck_473d6314ea614b29,0.004861964599403011
ck_7443d6dca8cd1352,0.00499036613668738
ck_3b49768b448b071e,0.03096691880230869
ck_b43f04431c267dea,0.003907996334147128
ck_4424a5223ba2fe00,0.030984290235939505
ck_819bf3e8231f4081,0.020276168006116414
ck_91d417507a8c58cb,0.16072915294214432
ck_e88e86b19cada4aa,0.03216026782009617
ck_59684167f9c6bf4c,0.04246840273390665
ck_d5f5b0dc97b9dc27,0.011162401956684205
ck_13d1b192bbff8f32,0.007991513945297088
ck_b21d8630387cabce,0.004543167537565478
ck_e4ac22046699b99f,0.004949506452940985
ck_74b848064f2ff45d,0.00411208521698135
ck_166aa980cc87fa77,0.03810886088555967
ck_98e337806104dd88,0.00280064220337092
ck_66eb09be007f0755,0.01250928312064681
ck_3ec9b9d8dd7be11c,0.013000469906229857
ck_8b8b9de339d75d0b,0.015211140447610771
ck_6715139e240007d9,0.005344232068598183
ck_a0255ab46e122d2f,0.0020503951392172146
ck_66e81a4190c33510,0.012471392079970249
ck_5d75ea4f5c9080bc,0.6759311959342208
ck_df69858b8a8b3165,0.01431318618598322
ck_e15252ebd7553422,0.004569509648400308
ck_34d6d74bb3ed11e5,0.0025628949104324283
ck_c2608f78f6851d10,0.20643729176835304
ck_bb99071e8f58c8a4,0.21545734158970528
ck_06010f0df5b7cef8,0.014725549570427515
ck_8c582eb0f6c0148c,0.012473197609288215
ck_0034d010d28aea78,0.015928061346497564
ck_01c1f06692566ca1,0.00712671353426272
ck_4807726e797fb893,0.03415464023608929
ck_edc9668282e3c8cb,0.024543082953683
ck_5486768475af7bb5,0.8529096514286504
ck_3fb9813849e51837,0.006269454380171055
ck_861af5a9a9a6d619,0.002763706143898643
ck_da39653add0f1109,0.001583509876800398
ck_74a4244eb1f162e4,0.002003403615573367
ck_9a930faade55b8ea,0.005863538836418679
ck_fb6e06ca88519dcd,0.009696442889846946
ck_9776cd8263a9f415,0.006908836077915817
ck_b3dd1198ac5aea73,0.015418317462432307
ck_b6675a04df1a4276,0.002998908518354483
ck_5c7ad6e731b69333,0.41834716637738995
ck_28dc0fdbaec00580,0.09651212911846611
ck_8e7a32f7e3905f4e,0.027850392868565135
ck_8563fed6674afc77,0.010422639371610658
ck_9a2fcccb82da663e,0.02116145843989194
ck_6a519bdac0d94527,0.006056211272026361
ck_a0dab7aa9c4a39a9,0.0047514871188247725
ck_a3ce05e9e5e32142,0.027880936152020058
ck_7a7e40ee3f97c035,0.04653685038551141
ck_9e9a830785112a73,0.0469074708700831
ck_ab1bb02f6b189304,0.32597521330262297
ck_7b8cb0f90fbdc8c6,0.00943598228252415
ck_b138fc249e659e60,0.012358547017108965
ck_e73caa3771ec5e0f,0.004672363680058563
ck_18a55b06ccccd88b,0.034383528644909185
ck_fdcb1d9265d8fec1,0.04929619756005362
ck_e21a900556b382ad,0.025085341167203217
ck_c6bf67470f526771,0.042464629360024486
ck_b568ba3837afb39a,0.0017122814028636103
ck_a2858979dd5645ef,0.008999949455140913
ck_1da9d40837ebaa57,0.017027086831425217
ck_9341c7959543c542,0.0029397359420350964
ck_c8ad86806b9a2369,0.04201394217109444
ck_5c85d93ecfed4b0e,0.0032164261655634485
ck_f07b09879d697b82,0.005034907551824184
ck_fe43da07608b1749,0.015157967923438688
ck_4bca22b5926b9c28,0.004438402271088948
ck_aba573aa942b1d41,0.013312098204033389
ck_57c14e32fa4683bf,0.0017387908223286642
ck_891530b489ce402b,0.00754760167385633
ck_5e74fdadb93ff293,0.07416524456924839
ck_14436a409ebcc90f,0.01815439980353956
ck_00013fdfa0bd37dd,0.004985942929308166
ck_7dbe24ba01316775,0.03441731574407522
ck_0e3f80c1553c591b,0.01482495050714751
ck_3edc45db58760d76,0.007980022623311267
ck_29076a13f539187a,0.13099653619806137
ck_b1e81b58b9a545ce,0.03490138727009729
ck_3f8571d4f7420b2a,0.054576411636735066
ck_7dff6abe4bd644dd,0.7053596398031976
ck_2884bab237af16b7,0.008629713216536872
ck_231e6dd1fe708000,0.01255879684843246
ck_33ecaa7b892e73df,0.009366264624091897
ck_b109ec4c63503030,0.006997719528792894
ck_a7f522382509cef1,0.004848408232372416
ck_748b3ea941d8b3b9,0.006244304657698543
ck_29f3a1737a2d9634,0.013350785573954582
ck_cee8d42475a0f020,0.006643539418103416
ck_c6b6ebe145a8ffab,0.004317119776093533
ck_21c99e1d6b881894,0.002339255080305485
ck_5ad798286384484e,0.02194344072425559
ck_b621b6ffcc7f4848,0.0017428090831530744
ck_ea819e337233475c,0.18403487406546462
ck_9e3896c2668ce06b,0.029998806592930517
ck_501dcf1ead036d2b,0.008770429480704847
ck_8d5eda29a2cffa3c,0.012834397615390907
ck_4d3aa36ff83f1132,0.6853692345553446
ck_8e9faf94e3e6c757,0.0023155779008480885
ck_ce0ec41f96951048,0.03543570374964549
ck_f09165d73ee903b1,0.005913451430497396
ck_a432b1bf1d3b3d5e,0.5321461593857614
ck_ea618f720ff0b4b0,0.0026993067460028774
ck_7584e7bd755cb28a,0.012172865456629102
ck_e14681aad43e1a72,0.04932587682408982
ck_5e18870d8e30e379,0.04409462509396659
ck_ff7c26a62bda8089,0.0035918744541421238
ck_cc5a35175d381d5a,0.0034527474598738026
ck_3c25029e40aa8a84,0.006444693980764166
ck_771247b5bc16c12a,0.0033943489713909214
ck_664b5e02759f985a,0.00547372416031108
ck_692a9e8f504b9762,0.0017349889003943797
ck_df8ad2deb0a4ffed,0.035499694206371314
ck_eb48c0bcd12ea654,0.010416057900046578
ck_7c77e597c951cdad,0.018654720361773635
ck_4f75144c6f3b13ad,0.01858000717360476
ck_1bcff399166d7c43,0.005384088071359501
ck_975c2aa3d4a8c51a,0.003944002002970543
ck_bc6f07b06aaa4ce3,0.4178650340744068
ck_80b072b7f3c7e8e5,0.00541195653705284
ck_471e4018a23b4e56,0.011749871655635838
ck_53cddfba570b4a3b,0.016953994069137727
ck_630530e50764f229,0.013785891645157304
ck_dcef7887a4f1e435,0.052992116219300035
ck_2795921a055643f6,0.008143559161619249
ck_7456df89f3792235,0.005805053089789273
ck_5014a3b07e1f049f,0.518515452713224
ck_d4ec44760cbe03f4,0.009368753172364701
ck_96810ad39d4cb7b0,0.01434071618504644
ck_3222ea25aa29bfa6,0.0020437221672745297
ck_f6c42001b84a10cb,0.2449631423827884
ck_5ac86682385c86b8,0.016532154191933875
ck_4280c33af57eb4f4,0.0025457052341124613
ck_05f79ddd8eefaa56,0.0077410258180075
ck_3a57a13ce032a6fe,0.012008985077296577
ck_a721f0d635fad68a,0.009425462108627904
ck_a3f821bdf408c326,0.004969470572702143
ck_0ada63008be5685a,0.04257530354229866
ck_8c949bdc6e8720fa,0.10023946291608615
ck_c0d2c56f9c722e99,0.9678085650873754
ck_5d2b9e6e087b8dfc,0.9818464248367368
ck_5217b55593a332ca,0.0571399532602613
ck_7a7bb9be5a7e48ad,0.01888097690543727
ck_24cd0d779e866287,0.004586809283369054
ck_7367917891a63771,0.028724384660610756
ck_4b31a8862a857e6e,0.9328673646069691
ck_81429c4910ca46cd,0.00390701738257648
ck_b35d803568f82d9a,0.011023585476211984
ck_4b00e75c2d2d0522,0.0018992122805281187
ck_77fced07f6dff42b,0.005090635816596218
ck_3c9a06eb07c300e4,0.001409705384024928
ck_b3867f7f494db64c,0.002141057969592901
ck_0c45e54897ab34e2,0.017725643278003207
ck_507a6a580ab55c76,0.010181658413237484
ck_291bffc7809f896a,0.003867250918773586
ck_3753cc5b9d02e2fd,0.002904388184347604
ck_4f63d5245b3ac1dd,0.017630977010445924
ck_9dfb2ae78659240a,0.005954623613753113
ck_90f6f5ced708aa75,0.0031971747789719973
ck_8b5b5a6b5539e39b,0.8815028458648381
ck_4719112b55d20161,0.008917916420740524
ck_fec888a7108ca52d,0.9786616044039672
ck_4f5d022c99f118b7,0.02735740183537928
ck_e967ff05514b697b,0.028542090239351153
ck_839ce35819bfa4fc,0.00279641244188273
ck_bdee1221b9addff8,0.00882523928484555
ck_9cde4036d0914427,0.01716890156509902
ck_5ac959cbcc5e98f3,0.0021897820202623195
ck_619842688294dabc,0.00871584247175935
ck_7373d7b04c7799bd,0.03681626753369351
ck_c1dd3feb9a0b6471,0.00448646329313058
ck_0324a4812ec319c6,0.004029302196687535
ck_7f3685aa2933b251,0.06670731088850783
ck_06aee5a62a67a84c,0.19632593830790693
ck_3428910b44b9d08f,0.0216057398544451
ck_c3ba7534cefc1de8,0.029740185961250536
ck_1f1273a67cbad5e5,0.8733023337457827
ck_124565a11b2f8bb8,0.005073410593091039
ck_38e46bc861e0165b,0.06268630338584018
ck_c8ad3f01319c065e,0.07474226475135214
ck_3f94a34f5038f7c1,0.890143062160874
ck_cee56be5a502fbd1,0.20611708208188628
ck_2b90b76cf4d162f9,0.02080064931260198
ck_884b2e463ff1d54f,0.0023093957993341706
ck_fab4f2f8531b4827,0.012199885913855789
ck_4fc6256e0e60a926,0.012358433205075924
ck_0a2f8b2f8a5b6f02,0.00500209577146164
ck_9c0deab8a8367c5e,0.0017849161379426513
ck_d3a2a4c011fa2554,0.004334415068091329
ck_4108b4038f762817,0.019119233676680558
ck_4df036e2aa7e1056,0.01223176254855026
ck_ec094eb1cbb3efc5,0.0029696606901582945
ck_09f8f51bfd2492c6,0.01996240782449989
ck_b60fb9a10d6f4489,0.02256718622686978
ck_3638bc3388dbc1bc,0.4080440898110742
ck_7a58e0cc9943c39a,0.007921755575566217
ck_37dab6a0a536ed49,0.05033061598436747
ck_adc576690df5b33b,0.007192568263349409
ck_1383b2b1875000f2,0.01854274010383335
ck_43c1248db37a2eb0,0.004693294613742973
ck_29c11bd68858e923,0.0019088404326598628
ck_9401f9e11f65337d,0.01705079596630393
ck_ce5ed372b1a2ed6b,0.03039149541640085
ck_08b4619490e751a8,0.8734316746956602
ck_44b9125526acb05d,0.023207385555271035
ck_ef1a1de20d2124cb,0.017620030461397845
ck_e5e2624b7fc89774,0.04026632459092203
ck_f5100511609b92c0,0.0018104843609657556
ck_64f3bb17101b7c42,0.006715185403487708
ck_ea1e5b5128ecba2c,0.0018666869377487207
ck_516163fcf04d5e77,0.010181360658817756
ck_7f9a748110d70005,0.007165521094561176
ck_d263b55f0a681cce,0.03067649826545309
ck_0e962eacf98a813e,0.0066649896246217775
ck_0406931800e0e2e6,0.011758117467284874
ck_0e9b982afc88a3a9,0.9887292674967538
ck_8bbb625384edebd7,0.0018718767251222712
ck_5eaeb87bf6207406,0.916546221225357
ck_cc3318839c4b0745,0.006000925060572366
ck_08a0355d1f1890ef,0.006465594982237176
ck_af7ffd1a822460d3,0.18181511313402995
ck_2a09c7aa870edb6b,0.0054606734282136235
ck_bc04f51c23290bcc,0.01109205089556408
ck_d3a8333cb389f4c6,0.01538395179353059
ck_88e3dd3039508332,0.02984836654106718
ck_b8c7771de9b57705,0.01271753557085828
ck_585ababa02383b50,0.005454801720410377
ck_e988c108754cee9c,0.017792659320471672
ck_4a691892d9d6cf89,0.006654665327040291
ck_7cdce37d895eefb8,0.011359345281209668
ck_483fb981a1fb4317,0.003599815437816225
ck_c1e5182bd99e0e35,0.05467469725500737
ck_9a1e3ec9a1839939,0.009806968220066466
ck_5c3f13de0dbd5086,0.013005919038681599
ck_f4f6f0caaab70040,0.0044710237588356525
ck_791be3378dd7d64c,0.014256593697675289
ck_956dd784525f5886,0.013232541869857178
ck_098167eaf124c279,0.022846395625174917
ck_33ecff7914349ebc,0.011293037293259233
ck_e05d44e46c7174e6,0.0059179736457420805
ck_1b2ce474fa6582b4,0.04700108330444428
ck_ab581082e8f72e3d,0.004290306318140826
ck_e63256667aa19070,0.021267654968321472
ck_f568772b6cb3febe,0.01384954351621361
ck_dd89a282375bbab6,0.1589490114108817
ck_a39d0bca345b492d,0.004641955614726017
ck_d12d2924d0f7a64a,0.025119675435559808
ck_6a548da1728b5823,0.9719979137732911
ck_6d64193681d2a94f,0.023728616186034012
ck_ced6b6dcdc7c201a,0.004890194080161948
ck_d1b0699d26282871,0.021075694519383584
ck_58f757e40a9b8877,0.00837785028653016
ck_3272c2c4a37d5220,0.32119958304591356
ck_d94dfde9e03c9d1a,0.014235777907820164
ck_08a6d4903a7fbaca,0.012311700561666682
ck_6c72a36b05fa0f4c,0.010427014971810837
ck_dbb4bd4eda97255d,0.005359243873770192
ck_94b59bbc824b307a,0.00430832872292265
ck_0229a07185f15469,0.012349219635209609
ck_11bf1039f8b3025b,0.00831269755919805
ck_36789ca11459131e,0.08236564259160795
ck_8572c5f5c1447c62,0.01861483465587931
ck_9e75c6641939f4fc,0.17531089581435946
ck_b45e47c39d4dc7bf,0.023792286437517813
ck_02903c48b6cfd65d,0.0055487950548401424
ck_b153386f1729de81,0.004710754479126766
ck_36979996f33498f7,0.7245151064280467
ck_3c02d4dbbf6716b6,0.018404989247588936
ck_66c9a19963957531,0.12222128174147943
ck_bae8dae7cfd8baba,0.00180962432825454
ck_bba0ccc6cd968680,0.01969084472450953
ck_3267fe3aac05c71e,0.006204046529621316
ck_40052cac10562cde,0.01997953781742629
ck_d973444855403e2a,0.006477401083505768
ck_012519bb095ad36b,0.9813046284719876
ck_ad7c256ea10c4a00,0.08764638308989332
ck_70a60e095e9b706f,0.004279837743458875
ck_f2734417c0db4ee3,0.00303622952548622
ck_9cb89cc3178e0172,0.028416742466039018
ck_779cc0f2de4d5488,0.22635675174124462
ck_35f8656bf93e3b3d,0.02326032204717987
ck_bdd8eba728800e29,0.04143470884893687
ck_002cf760d173f0f8,0.0079220239505901
ck_b046067c6ca3831e,0.009912585045992526
ck_a4a42d4bff8af645,0.006216076492223113
ck_bce253d2396681a1,0.010975783590583701
ck_00dafc060c8de32a,0.011827366226794568
ck_968a99e097ee78c9,0.05085220856333284
ck_66949171b387bb93,0.014338164801221078
ck_ad305286702b1958,0.0039864130204740975
ck_4732da7e0d2dfc7c,0.005849317240361164
ck_17a95bba77217d85,0.04688905196491411
ck_3e2516a3e35067e0,0.004437679857375331
ck_0b615ed566da1f58,0.037697561521525404
ck_d2b3ce1ebabe9f93,0.011748796386081894
ck_a892252e4e0c2828,0.009604442234142198
ck_cf606fd6ebfdf9bc,0.004985926167987068
ck_718865237134ebe8,0.005089172672463199
ck_878522cb775b904c,0.04173787162685405
ck_9ed53de6ef779ae0,0.0019990725786789058
ck_3f16e2cd7e6874cc,0.015877187590364734
ck_3c59df37895ead2d,0.005757873969997769
ck_6821459b626d492c,0.004148294989260708
ck_11c7667920541587,0.007383524051533553
ck_23a016cf6b98d89c,0.07259171704305577
ck_7137eeb394d200f1,0.02692431182848147
ck_9c4886c5c90ddbdc,0.0024101730664873354
ck_1422a7bf7756294d,0.94900000378754
ck_7ebc5fa7f0d3b8f2,0.016615401336110273
ck_fcc2059a8d5c41fa,0.24785605512515993
ck_00ff7389d6a83e29,0.05899742754006218
ck_03129b41457795d2,0.011701494948036642
ck_38ba64efa7c38250,0.0427514088119619
ck_57a6b56b09bff24e,0.00645436726698742
ck_e3b3c5a80a567418,0.006010558233954508
ck_fc40a16adfced018,0.005690499077308221
ck_9d4b5e6b43bad4d8,0.0047884566041865575
ck_61129937ee466b49,0.020477914319060115
ck_74112e47b8629c2a,0.08035948626965339
ck_b4703ee97f94d7fb,0.002299902148876617
ck_e560f720a988d8a2,0.5108482682802803
ck_708fea345f68037e,0.004147145731340263
ck_25394c1b83e0b803,0.06191945959094941
ck_17ab24fe914ae44b,0.0038963863421593516
ck_16c501470d9bb006,0.004253209064657472
ck_628f449e248c19b7,0.0360575751448943
ck_6d64190623dea714,0.007266863404493565
ck_504a45ee08db72b6,0.005036946849113576
ck_6cbb011e0c70bc7c,0.003945129198885144
ck_b3225a98acd04f83,0.004048336859631547
ck_aa37993f1c17cd1e,0.06996807348175148
ck_558cfe5f77a55a9d,0.0067076502646297
ck_0d0a1a021efea5b6,0.025170233635139445
ck_daf7aea023b7a8f6,0.057455885503503785
ck_d75f25184ece2b51,0.006286118701081088
ck_466d4b5366c50b98,0.00541279924718435
ck_88f27ab479063852,0.0667358405742184
ck_66779098e78c1760,0.0037401734360985105
ck_b150fe4efb449b05,0.005305699541839279
ck_9c3aa9f23d01fa1c,0.010886947673558175
ck_6a01c375fc26705a,0.0029779999484761447
ck_002eb6552b504ea1,0.007991496531619301
ck_affa5aa0bff9bb0c,0.015229922769700944
ck_027614eeba8b1a4b,0.0032924961694805605
ck_67e075c982add719,0.012013018754118594
ck_399b0d510be98bd2,0.007514773733212817
ck_e9b0bca7368555ef,0.0040663166034562905
ck_59c29d9c57b4f994,0.013830478789310867
ck_37176850ed68831e,0.012868348843742853
ck_a0db4ccca08030c3,0.8619457396417486
ck_aa188e5c25f7f42a,0.022057223325611764
ck_7de6997178207800,0.002074053181298849
ck_c729d19053387be9,0.049020367015098175
ck_f2d3e3d90608596d,0.2832130540784547
ck_2db3fb565e0211ee,0.004263590153944248
ck_bed8a480e27e911e,0.008918452205428905
ck_d7ad9921a4d25926,0.008919104736649893
ck_2a59f23fc5194699,0.09358778962520868
ck_63601a58a6120d8a,0.03279815212130699
ck_efd7b9e22c6317d6,0.0152075740598236
ck_9ab42875a0f95b43,0.018545688530356697
ck_85cb5033fca7c846,0.03428825225915174
ck_5249b223000915ec,0.0339779414521307
ck_3efb0e9bf25612c7,0.004558108759795306
ck_678e74532ac19700,0.007010350138823435
ck_a980b296c95153f9,0.0073170757418401415
ck_01ac687ce0d696a7,0.02606988655339071
ck_52e1418cf1aa9871,0.014277187030931374
ck_7d28da4f1dab09ee,0.045008152462953345
ck_010d0c2e6c1657fd,0.07604524185896654
ck_b524f7a2e752b9d0,0.008817319150211557
ck_cc447fcc24a0772b,0.4918977503653348
ck_2cb3c99845e572da,0.0025676433194747822
ck_604c710141327a81,0.005771408101028664
ck_8d5fa65717d2e0c6,0.012924276261409953
ck_31199510b40602a1,0.005453291726345367
ck_49e253ea12f4e922,0.01186041448673386
ck_780738e0d71e7e43,0.0030123571081415337
ck_2cd21137a07fdd7d,0.010197726305249007
ck_5e021f2a3b66e256,0.03572601706451001
ck_efbc79246e32c66a,0.01195390174043924
ck_9951bd806c13c7fd,0.0506940292255191
ck_7a52674e2806d8f5,0.01558400701281896
ck_1a319e509f1efa1a,0.0017547695715433565
ck_c920901b9a4ba993,0.793196274726446
ck_b71279e807d0b3a7,0.015922148816619672
ck_47e1032f490bb018,0.009769210057174264
ck_192579ecdca7ff83,0.008212326452072547
ck_b1496c474c4a3239,0.0030209353912228464
ck_5e68ea2c5e893cf0,0.03170420397031046
ck_f2ecab85d4693b4e,0.043716387129587204
ck_89d7bfc81c3df597,0.013202373873676463
ck_7929284327667791,0.03641935621472913
ck_494ec63c5ce8e150,0.01957583788678319
ck_319b059bb2145586,0.024990908407117537
ck_ccb3767c239018c1,0.0030647880095022464
ck_a1c7adfe26e09a8c,0.044991090662851375
ck_0e13c4f73818149b,0.019871916096772246
ck_c285a51ed6214f52,0.023569848497379097
ck_916784595f028226,0.09795433847598323
ck_6cd8e0196365c474,0.01731359268336845
ck_57b657aba4daffde,0.07756669534852811
ck_562c76a3753fc7da,0.4461858389288158
ck_66cfc1ebc9a513c8,0.002269291895447017
ck_0f38d4aed68d7d24,0.009793826662995041
ck_d8ddf5e99f7859e4,0.013743724125576388
ck_41bc3efa0fca700e,0.0770857246654301
ck_40799e129fcf42c5,0.20431165597956838
ck_786f079389126e44,0.020916065278783647
ck_bb4c6b713eb0b978,0.04870802343672769
ck_4f01f7eac0efaba5,0.03685411330237382
ck_47d29c01b20cf69f,0.0060468316241339
ck_bf15a1f8d67a30d3,0.00856423983430684
ck_bfecad7586f65e4d,0.016062801284983094
ck_fc9f16df35190eb4,0.18452077434384676
ck_c09c914e416edd08,0.009840497017813107
ck_c54c5d8e4433b0f2,0.002560207237677675
ck_1694c28f44480e98,0.010618616342230922
ck_1dcaa3078dbb7571,0.0018120076470882918
ck_af559f990c640e41,0.0064422012939768375
ck_9b436162039a77d0,0.018994982619617264
ck_79d62ef181bd0cd8,0.01054496399737579
ck_23caafc2cd34242c,0.00817419670579812
ck_ffe2aa26f597e552,0.004875441724910619
ck_e6ffd0754ac08661,0.002545650828398659
ck_beaacb4a783db21f,0.004357357919848145
ck_9863bff41d24ce9b,0.0044690574194323355
ck_323b9cc5c49f8ea0,0.5491557421926855
ck_ab3de3d3e41c2082,0.004773943062171974
ck_35c93b2924900376,0.006386872107019663
ck_5a9d5f9901e37e31,0.017888444955857213
ck_782b0be796164335,0.01105205081995955
ck_11960b5f1c7a5e2c,0.006879612688341711
ck_9a66cb13a9884cc2,0.009696467114624052
ck_ba666a425930615a,0.002546839453750869
ck_40140bef4db73741,0.011719251607879256
ck_e05e91cc180063d4,0.09515795604242579
ck_c7f6f45710bc050f,0.003867516369686514
ck_055fb9f2e1c8c934,0.055591902558827545
ck_58bb02d98e2b9cd5,0.03611543301699416
ck_d9f8efa6a7800f76,0.007667987877825667
ck_69691226c68fd50b,0.19804984423254998
ck_6f2f0396e5b1c538,0.9553549506400986
ck_78bc3f1d0f35ea6c,0.010919818587234792
ck_2d5a6b6636a2596b,0.0038150169053711713
ck_7878545739af0a73,0.0029304394128088864
ck_03c4fa4f3ed3512e,0.005903448408530097
ck_1a9e51d092d62c84,0.36927170603590315
ck_9f3861940d8d873c,0.01667152259513426
ck_4684fdd61c6a0fac,0.009964887139495022
ck_715966f86d5c913d,0.004844700889472735
ck_77f293d44b4a3d2e,0.012498070054179411
ck_24dae044dc05f849,0.0342365969646519
ck_00b9818e2064405e,0.07951015956020524
ck_c1c2cb49c3c1b0f5,0.43069652221921056
ck_bed50fc64fbbf8ec,0.005654754507939816
ck_4f6ed5ea5ab7c429,0.007489248563906803
ck_458531c22ec2f9b3,0.012271364937975801
ck_51c50c4c443df31a,0.695110678589057
ck_732d45bd578dc39d,0.006206536765794999
ck_783fe5bc20cd02db,0.05865039486476118
ck_7f188aaa63d1d442,0.006790963700293283
ck_ef307a6aee38d1fe,0.8947101421125438
ck_e37196b20968b73c,0.027939449294475244
ck_4ef9de711c3d93b1,0.02983102304678295
ck_17946516d5df71d7,0.006925454376250931
ck_3534be0f4efd313c,0.042449986640298455
ck_29fbabf855cabdff,0.0035884869822569196
ck_191673540d8486af,0.03411040938795699
ck_5f52728d777ff2c5,0.011577826400298905
ck_a045a19369016818,0.9897459257730511
ck_4eadbe7298b15e96,0.018160616023515718
ck_a3a0bd59729fe619,0.010689929903268362
ck_a1e77090b1c6ccf4,0.0124278962059887
ck_69ab9d4784eb77bd,0.013010453029624924
ck_baa47383ffd50f04,0.007370472384756852
ck_e35b2ed08b9e55a7,0.004736214386591728
ck_b6e3af0a5119d9a0,0.03385127596786389
ck_a7c1dabf3869772f,0.04824131751744807
ck_80b8fca67a14e0be,0.7517160833055277
ck_dd9c5f0c42878e67,0.005581981526182775
ck_41ef7967faf5ce82,0.0037619524724788102
ck_a93560aa348d6225,0.061408494355693365
ck_ffe91d6f0bd93fc6,0.06974085493713535
ck_fbf630c960194033,0.009141919372439904
ck_497ed60723283c0b,0.014819150619348945
ck_2a46b7ca55239413,0.007081909192298795
ck_1a4e5ace078dd782,0.014457618478026258
ck_616cc31910f5de50,0.014694842827867616
ck_0d65bc749eb42710,0.03330511387805056
ck_2408db62e4395ccd,0.007773236488556947
ck_5d7721930106dce8,0.012581884151301329
ck_e8a6acea22b20312,0.19084993274147796
ck_e2f792fae128b18e,0.1243494133005577
ck_e6d3ce445b86003f,0.0035731139160663124
ck_263334d722ecbc97,0.2773039962656098
ck_8c5b29f6666d4874,0.039210285072198904
ck_7ea0bf310fc20c7b,0.8804485590357781
ck_54d463f7fd89ec3d,0.043126325723018555
ck_79e45040dbdd6447,0.012240993597760923
ck_60b4d59953505682,0.8193318286949909
ck_fb00dd5021642507,0.013515814797896307
ck_f409ff994a210601,0.03303523573233849
ck_2ca0020038bfec58,0.2502028798443701
ck_adf84b9df54c3d80,0.01967812973779647
ck_942dbf632591b65d,0.013247329448841582
ck_454a7e4d859a3409,0.002629428659369474
ck_2139062d4569aa07,0.005145064782538047
ck_e949a0f4df0b3902,0.07854100755513789
ck_bb113e3e6716ed65,0.03439497447035514
ck_6a28ea6ce69cb869,0.03708401133901842
ck_7df9910af2bba21b,0.01988605718604217
ck_78aa4b731cbfe251,0.006218918833516013
ck_5839f5cbd8165b1e,0.017645957120810643
ck_7158ad9e58769ffa,0.04464255095581263
ck_acee218cbe61df69,0.03674325300626821
ck_f8dc8473c2772729,0.22949211380766776
ck_f34c93a8173555b1,0.08074416090359092
ck_7cf301d075e4e709,0.027287438119920127
ck_b87e88ee5512ea17,0.0031775133084780763
ck_bed0c020b10afa3b,0.015332074273673812
ck_ca10102961f99eb4,0.003518292724258082
ck_393287947b5c8d79,0.029446355386656704
ck_2fe6cac002142f67,0.12787222745959745
ck_79c7f0d29b1db1cd,0.014984627637650072
ck_c735b643d3cbf67b,0.009392975533820395
ck_ea4332c8fe48e2a3,0.004966373154252469
ck_d39864119cdd460f,0.0035249744330945114
ck_3b963d6be2773861,0.005759841502487942
ck_df39e3b8a9fd0bfd,0.64633345855432
ck_6236a461dc0d11a3,0.006713296514668592
ck_475ebccca25e30d1,0.008301051414093515
ck_c10c8bcf5bcd516e,0.07978740988268089
ck_49ccc3716a564256,0.009017933052882563
ck_4e4f99102f6938cf,0.011800494431943365
ck_a97b481ade6f7972,0.03515574250659331
ck_3fa559c679751b3a,0.017349569802220157
ck_3eba1fd2c7acc4c0,0.3453587537762197
ck_18c179b4afc4fccc,0.011123099472275933
ck_cc1c0b93d05b7d20,0.05501648084597713
ck_742f7c28ddd019e8,0.04822957797689361
ck_04470bc93b8a0d71,0.008284129243682596
ck_6e8f8ef7a03cc6bf,0.014537146627421367
ck_eb1ddfc353b4da83,0.0048804596523065605
ck_98831b57c7ca2e4f,0.0019278021536711359
ck_a6c7b8d6e8596d4f,0.09350359812792776
ck_cd7d24e3b095e96e,0.0686433776703781
ck_3f5ae4673a9f858e,0.005583648109767362
ck_05f375fc8ae0afb0,0.007764348125117069
ck_1fc98436281ee39e,0.0023711090259730485
ck_6c48c58678f64bae,0.002883293017355473
ck_8c95aeec6a4c75b0,0.0032224087261518964
ck_364cde38958b7af3,0.16472430933337548
ck_85bf21aa1a00452f,0.009545252419164346
ck_796d3eaabc667c23,0.9875676926974762
ck_ac449ee0c315edde,0.0033157535171542667
ck_6f9fd15ac6b163de,0.003421142446968031
ck_4087065be2a45ad7,0.12617816864916123
ck_ecf006bbc78ee3eb,0.38819118791101137
ck_8ca808cc5a49cb5c,0.011753342842633982
ck_94b90ab8b2dfb50f,0.03888191819038828
ck_59fd11b3232de9dc,0.8285031383024926
ck_67f3794d93e2dd67,0.0721897208132312
ck_b7f5acf5df1bb13e,0.017284599989740305
ck_fb04ecbaebb774bd,0.004913393414572275
ck_68ef3e7301c621b7,0.0051901202043340665
ck_41406cfa209b6bda,0.0045436108186826364
ck_b0f8f5408662337b,0.008773597967829934
ck_0d2901bfe585c391,0.25246651495115624
ck_3398551e81dbf3db,0.0381983150015528
ck_61c3e3e277629646,0.006272709036061051
ck_2825e34dd3e7ea2a,0.003673295324428519
ck_20d7571ba830009d,0.009800532314154037
ck_c98b16f9a72a6568,0.003184781229970291
ck_e7c8a9e4641eb9ed,0.0030211825150302414
ck_254a7c97c36dab8d,0.017610641838829186
ck_e98429675b46272b,0.004941141091900996
ck_c2fc0ac460786d02,0.1753038849520884
ck_fba15647b3a140d9,0.009348913007933285
ck_15ce50f2704227be,0.013340266968585665
ck_8c748aaa4a4554f9,0.011864036321572258
ck_e00e82a9419ff086,0.00848475154487547
ck_832341c98254bd84,0.014774250911876062
ck_27466468d06db4eb,0.03316075060444968
ck_9d7b9e3ff1f3e71e,0.005480097827032543
ck_42c6973d3a6fe983,0.002946460213000226
ck_877c85bad118bc62,0.02519392723009491
ck_75d2a2715259c4d7,0.05566810170983274
ck_37d3e5c681a2214d,0.5044743870286671
ck_bf285dd49f372de4,0.011800583549890333
ck_a5bdd026fa9c50fd,0.010498326961099277
ck_88d9244a9cf7a77e,0.5657000537296872
ck_5881b174e49b04ee,0.004816385585732313
ck_5b16d67c5ea89930,0.024759214935076223
ck_b75b936aafac56b9,0.0095617344826598
ck_aed2681e1646a0df,0.07368998179495755
ck_f63cb5e8cc702bad,0.011864393956104955
ck_1805fcfc4a9e4ffa,0.8990842950829574
ck_25c355da356c730d,0.03346544955394981
ck_70396398e4a96449,0.007398494855632795
ck_0f743bd13373748e,0.029364086453091298
ck_4b387765f0e916cd,0.004051646804873272
ck_e971faae8a10a260,0.002300084968410365
ck_9eb08369e983abfa,0.0025569788390129525
ck_c30c5844512e429f,0.06604051350691269
ck_59e77e3a81f1fa0d,0.030432820709883124
ck_ca4465f2b5c1a52e,0.9755100698449316
ck_c89b9ca398402f1e,0.004847980784084274
ck_36e72ef9273e7a95,0.009667965522570281
ck_2bdd8616870e5e1c,0.0022863434861837427
ck_216e87a41de22b5d,0.10789108557763755
ck_60f4fb44f5efe3a0,0.0028693560358994306
ck_05652e8ace6ce6cb,0.004140455402919035
ck_8c136dc691e65695,0.0015081690538207035
ck_a08f8dfadbdca112,0.0032335513997435936
ck_bda4041a3e90d860,0.00986705719991835
ck_15dd3ecaa8ce0245,0.6809395201338262
ck_3e3c64b3b7876ce6,0.011810082841018707
ck_46225858a38b2e57,0.006244604710727855
ck_0cb9f54928f4feee,0.014443781432116156
ck_152671fbf8a9a78e,0.08537842514551452
ck_ee7a515e87d17d4e,0.013204860866957943
ck_f7276091bf513d22,0.0014696741855177848
ck_4f05daf1cf0d5755,0.004753959080886587
ck_83a69c4a5d55ef19,0.08423418060452977
ck_c50fed2a7c9198c0,0.011720707198568612
ck_70d19d5650ddc8f5,0.011613072952958542
ck_4b4d99e443618904,0.010285610087032236
ck_dca0b6ca93311ca2,0.020814855630832952
ck_b7431d4706461ec6,0.008331540487914032
ck_7b59d22cadef3b05,0.16302453594736008
ck_53428573abcd606f,0.02646400648727287
ck_f538ab6aecf2adfd,0.001976064419972253
ck_d321249fb065d2fa,0.027108977432130876
ck_72fdfc7e6d8e1436,0.002622130806543958
ck_b52b99dad89ecdfb,0.018488143813774432
ck_d2d4282f9d256b3e,0.004882414066214709
ck_c8f2a1dd8a6141a4,0.0028616849758555823
ck_8d38747058d0aeea,0.6267963540983282
ck_3ac528caac74f563,0.022666616093397568
ck_8dbaaa00ad829ca9,0.01691064632961842
ck_7c38ec898f0fc21d,0.004103922931091518
ck_8171ef803f5ff604,0.024200810856106966
ck_01a750db6fc1168a,0.050676932272701314
ck_ceb017baa26e98c8,0.03198977010060581
ck_e2c66c72cc0b0f78,0.08646824005321617
ck_8d9518f64b222416,0.005438019937617587
ck_804c5a1fa5753617,0.005879250256845751
ck_fca7cc9c42695453,0.0051186704061432975
ck_3a632cdf2c19051b,0.008206394032933707
ck_b2b63ea65edf1dde,0.019718644979849275
ck_27b07021500ee841,0.013384231518987018
ck_9724718fe64c6557,0.9546211264745388
ck_2786cbc3e75ec034,0.6655432105743263
ck_d9c2622cb6df380b,0.014476872966606805
ck_ae1da8ee98e402a4,0.005439824583952704
ck_62967b91504149f9,0.00394688282772235
ck_6b255bf68709109a,0.01229086730799065
ck_c55afc68421d85e2,0.02686611713589372
ck_7c7266f6ef2a8466,0.012582297018401805
ck_885cf685a9541190,0.856769272631579
ck_1a4bb7d3d2ee3227,0.004750343680959723
ck_b4911c42f3bff740,0.0015656368401761296
ck_66f9f78d4c6a3edb,0.014323178030118906
ck_49bdba9ee1899dfe,0.014560274171763726
ck_79b235d51718435d,0.024022655713790447
ck_d840db8cfe2ef6f1,0.0018234153347223218
ck_610c7bcc1cd7ecb0,0.018873430919047706
ck_cf49b6544aff6c50,0.1830295179152671
ck_de05f97c3d40dd1b,0.04588223864694945
ck_0302f67d75973dce,0.006401291683923792
ck_54c2604c9ca6256b,0.03791637371096467
ck_a1c88c0568f142d0,0.11929636937501392
ck_5d72ff6cc2963d1a,0.006506151336782256
ck_0446920a1004c596,0.0028127054920193263
ck_71044c29ef071570,0.013515607366391688
ck_2122e9bb1afffef7,0.010843892501398646
ck_d1e3de178601d3c2,0.015355678441701999
ck_bec8324a3587ef04,0.0017218317449761286
ck_b616b6f45225f319,0.06835633812452531
ck_ce1e695884511479,0.0856747898835551
ck_a662b4bf900781e4,0.002135043464239967
ck_b5a84c5547378c10,0.0024424390341592456
ck_f80af368cfc6cb7e,0.008920593670527948
ck_da3526ab6c5c884a,0.009643774058552804
ck_bd20be9a3392d79b,0.008050099990554433
ck_b8266dcd90cbfa62,0.003926063285788757
ck_ac84b33304362c06,0.010432313079447227
ck_794d8935a895e33f,0.024170913897547098
ck_8fea7d915259f1be,0.004263045794545285
ck_7a1519ad5ff45312,0.0012905763111768279
ck_9bf3ce30b65f75c7,0.044500467505986234
ck_5f864d72d1eead99,0.029212729591343103
ck_3c48e0cfc2a58041,0.4140576866146734
ck_d902183f80cc81fa,0.058497657285785355
ck_539cb0d117db8cd3,0.2661118322194287
ck_28f530aec8e77130,0.017376468051835976
ck_e7d903c50d353361,0.02357758849666081
ck_d288b77d1e227970,0.015649499537735465
ck_017208fcc01b5d40,0.004085583140477806
ck_7e3923d278a5106e,0.018059387952994995
ck_9700a00ff9e66216,0.026434580222613163
ck_5c36c78b7a4d138c,0.03669201700908261
ck_c457e9c9224b773d,0.016550488643458445
ck_1dfa91405d7e66bc,0.002710794480638061
ck_f1d8a2695a575e56,0.007357102027864281
ck_3b92a46daf8d00d2,0.018941459703303583
ck_aab23b5470469649,0.019607883959475932
ck_ecdd01a391610d99,0.010282054123272455
ck_abd3aa292f8edb4d,0.054436219698232036
ck_7fc9a0776e1339e3,0.0030507808003578645
ck_c0389ebeb0e65cb8,0.006392825174219418
ck_48d0fc4f6a2109fa,0.9441756338780652
ck_571dee4f3336c7ce,0.017300677353085422
ck_4cedf26628c84f26,0.015697874956238162
ck_63356762d24aab81,0.027597010057427655
ck_2c5bc11bb7ae5d2c,0.8170368105869951
ck_6d26a152f900fee8,0.00875637878873381
ck_c972b0e781efed3b,0.003250373296726658
ck_fa0ecbcf9a33d6ce,0.002755794543031319
ck_fa3a766e49dc77ae,0.005660069808884089
ck_7baf1e55db0dc558,0.015180561969169828
ck_e8bc49e6494c1f37,0.005671285908587273
ck_8ef1d05cc1e53e7e,0.07711383050305187
ck_cef2a485a77e0723,0.008816276215980445
ck_228a583f23abff48,0.012652821875522064
ck_ac32c6e374782b27,0.10858692241345226
ck_b9485218cef413f0,0.0035038009778507588
ck_7f15503048915d6f,0.0032753706598295496
ck_b62f5144db15ad34,0.18902852769739745
ck_917d82c552f95a23,0.007965455820189794
ck_fb4797045077bc6d,0.0033875013217824733
ck_2cf8a44e041217de,0.011441015505926487
ck_b7dd681eb3d2ee38,0.0037043874129924718
ck_e9e8cacd2fa35e79,0.015996290651173185
ck_342a79f91de5d1fa,0.034518734472965745
ck_2c91f62c05685ed7,0.001445247151117655
ck_e30cb64302939f38,0.02171565791331088
ck_d0e95b90ba86da10,0.0061833225336882
ck_1774faf414a5d49d,0.7632588423005607
ck_2401e8ff89e574fd,0.7865191464341507
ck_0cd8802264e0a1ef,0.01881886513211019
ck_da84a0dfe947fd3c,0.004797204906795867
ck_c8affb27ba7fb5db,0.04833963318406983
ck_bc7ece8787ca7200,0.006543760770569322
ck_469a0578d05990c2,0.0053510827932628305
ck_eef67f8dea702338,0.0862288112762956
ck_4f490e379e9ded9a,0.005245593672394637
ck_354379de065a8ff8,0.005943496509237617
ck_5db1cb368bc41ac3,0.01120635144000153
ck_9b1c3742dd6fcb8b,0.010556193484820378
ck_63ce4f44c92d7143,0.11550826110136699
ck_e15e3390f5ed45f3,0.005561540576192248
ck_da645ea91d66aa6f,0.3345680951222863
ck_834ca727df855f07,0.09479329895569416
ck_e1d5ad20c737c745,0.021687762431651558
ck_ff8059ae5fa5f1ee,0.0011242663037044178
ck_8bb9e75393954a1f,0.002881265257407629
ck_4e1757d1347ab387,0.9758928166286217
ck_af3f74b1d75a5d95,0.023360430160985293
ck_6b1ab0742ff04c3e,0.03970384331514556
ck_f56073911c9f1ab7,0.004355419384627613
ck_51bd5f69b4fe0b92,0.5323653136617944
ck_fc3d95030b81f416,0.00132829122308023
ck_cf78169633a1600f,0.002800904835815613
ck_ad7269eaa65c67f9,0.013409133602040097
ck_cc6d33890d47a6cf,0.03260739823889557
ck_bc8f31f4a2ffa1ae,0.0017248166755701143
ck_720776a46e56dfa8,0.010211950155750023
ck_e2d1f212f259539b,0.008347419793238997
ck_eaf6f7082c3db2bf,0.03956764579343488
ck_773efe58c6278c3c,0.029086350103003145
ck_c4a72c09f2fdacc4,0.008728144113352569
ck_8982888dd6611143,0.0022035747730425894
ck_9d5049e195eda029,0.018531385241139
ck_de58ef6f9fe2b546,0.019791731150375448
ck_c0b50c11e4f5adf7,0.058664750318055486
ck_ddaf228487858bb8,0.055216922547596796
ck_eb2323215ff70362,0.030135857514864025
ck_168c96a1a636ea15,0.012751380091602746
ck_9c46711b14d9eebc,0.0035690313853918142
ck_de8af660806b97b5,0.0026531854457221018
ck_6ab83f45bf16eaa6,0.005969358063164998
ck_bf2228a052815840,0.007337026541418623
ck_3f943f20a9da9bff,0.020010096540596715
ck_3baae40454c00938,0.012876595400012151
ck_bc2e771a1d8d2dee,0.029869485877007457
ck_e55f5ca37f30ce8c,0.014666952326260441
ck_4ad5937bef176d89,0.004206605876304012
ck_126531a9126c17c4,0.002832977595737529
ck_7ec423cb56257516,0.02355158664751819
ck_54748ae0f2daaf10,0.019913369313466128
ck_ff24776280ceeeed,0.010622871854296228
ck_3c3a1a1365741bba,0.00314187665428208
ck_615277c8a4e2b18b,0.006927345635278062
ck_a96aaef34173aee6,0.11279395230935307
ck_bea56db7f3e930e8,0.005765717568700813
ck_ca491debd3b32a59,0.038632355154284294
ck_d9ea77f4114a389c,0.0024508884986423275
ck_322ffda3332d08a2,0.046749054952180256
ck_c40ffefe4e30b001,0.07337193181280167
ck_3b1d7648d4580bef,0.005202824565611666
ck_23981a3261674131,0.008276823991683223
ck_11667f5b9fac7bc7,0.00222870310631544
ck_646bb3c7be5f0817,0.01882908002047042
ck_ebd0a45712dcf07a,0.05617946869419324
ck_baf43bf1bd963f9f,0.0384951925986052
ck_e0ca2c819658f6b6,0.9669417538723976
ck_f0d6633d0834fff5,0.026132511186657586
ck_91081be0254878a5,0.006399680576615993
ck_1325000bc7f35b5e,0.0022121907940694384
ck_c624b9063400fa3a,0.18359585484996074
ck_0ad6fa0e23c3bd0a,0.20022821625187257
ck_6ddb55b1f23c6cb1,0.007541220584779785
ck_dce1fb3acd65562f,0.003819547202595423
ck_a9aa389688ee5aea,0.012378626525792387
ck_5c5284c45d9ad8bf,0.03074950729123351
ck_9ce743dd3e92549c,0.04788410540614372
ck_8342e08cc2f9bcb7,0.006513443038562486
ck_25e551a0a8d2fcc2,0.021987073307863602
ck_d4fd0e438c97e0c7,0.038618187703472445
ck_ac7fe1c344190c50,0.013453752195343718
ck_ddd65711b5651f89,0.00233648783002253
ck_ec7406cb5cbc8f10,0.004609590595271236
ck_1c65e8d5be3b9c60,0.25985787226205775
ck_38ee42f15a573e81,0.027206446229650055
ck_0e5385c70c6de025,0.0063358895499331215
ck_d3137f0f7629040b,0.004983612137949706
ck_9129c92c12e0c8b4,0.0034610285960785113
ck_c86520a00e50a926,0.02582446225419989
ck_87f82b2b5fee757a,0.01662044332611721
ck_643abfbd7548d0c9,0.023439741420261517
ck_be51f4e5e6b85768,0.03614034113875249
ck_132c16312f37810f,0.0055433498670697315
ck_c78c096ca8cb33ac,0.0024540358189485095
ck_2ce5afbc014763b8,0.04445884504288572
ck_50ed8f4e7ae6710f,0.010841679205040955
ck_5a4eb535c9a11993,0.0032749267322974944
ck_9b665ef46d785324,0.006044062603448985
ck_e066f71f8b296b7a,0.004051896159952228
ck_560bc6017870ab06,0.004731536585065421
ck_fd78f8a8663646d7,0.003605953603034504
ck_4af5ec61ddbde1a4,0.019390834609652813
ck_c2ed04a9d218410b,0.01674813920017333
ck_2455d43bbdd2bb69,0.010796255830634253
ck_56eed7041add49a1,0.26219176132848365
ck_5f0be7b468a72333,0.0050007085395273035
ck_19660cec756632ca,0.007289292285506148
ck_fb90408f4892a21f,0.021403873592331906
ck_833a65b86a5d9bda,0.0029097301676539494
ck_2ac36e1dff211d38,0.0319259467458369
ck_c00e70606904539a,0.005154580079909126
ck_ba8affe4b9505a95,0.4980412625363515
ck_0c3dd22587b08018,0.02893701194116055
ck_618c4e5cfae99dcd,0.05917224273639112
ck_c9690baddfc4177e,0.0018940366166659214
ck_59fae092fb0c4aa3,0.03111774727678214
ck_e03b7d0fa0b28f4b,0.0035241823237406986
ck_d451d24c780b5884,0.006926285263800229
ck_e980d325b8dbb8dd,0.0010761530272832111
ck_cff18e2d8c520272,0.0023659809397084497
ck_a0e46b67e986ab56,0.011694218746465196
ck_3a469039a5b9d963,0.006192168355760427
ck_12cbb211ebd2b437,0.015901757563607427
ck_b8cdd6d6dccc4554,0.0021870895415683515
ck_794ba5921cef50c9,0.054633150671826995
ck_2c7667f64edec2b5,0.011956356523157886
ck_7262b4e0c29c942d,0.004930175969929655
ck_5d818522cbfe2a54,0.03476946622180583
ck_de39c1947fb675ee,0.0508262814290129
ck_c021495606b4735e,0.007241092365122252
ck_1fc03ba33edd9e67,0.028399039269207102
ck_a6fe344bbf67f14b,0.007046193553752963
ck_963762210edc5694,0.02595223915621381
ck_d064428b7e7dc409,0.006202743815701537
ck_59be61b53d971611,0.008564618254670203
ck_ec8738ec663cd2eb,0.008810106770494925
ck_59d086fab5998646,0.02090194276159457
ck_bd32dd3b2cbb7888,0.9772895931384286
ck_ce0166addb93bbad,0.003158043061497783
ck_7c0fdfbb447cdc04,0.010068663666842897
ck_cb1bd7635968ed8c,0.19993283944532303
ck_66f94903177f20eb,0.005085401138910882
ck_1d7cd5dcbcdafd7b,0.4618401143262368
ck_5e418a7c04437b4a,0.030904891296123727
ck_631ea1ae91ab333e,0.03615053232222697
ck_0a8029e79a5ae7ce,0.013757290736202825
ck_c4cca8278bdad9b9,0.002759900950102484
ck_4dec3df58077a257,0.10090515613010265
ck_609c249edd88c565,0.00993732508708525
ck_02e5f9cbbbf2f078,0.03935041872692344
ck_32e486859130458f,0.6243299132506028
ck_21ed2ea6386c5a07,0.0015649686827935913
ck_1242aa4496576a99,0.006817066775727784
ck_475ea9aa6d3898b7,0.04675422548574784
ck_fe1b1adae3be70a6,0.580933356104888
ck_c5414d7a8031d4f5,0.005942175430725958
ck_ca1f6f01868e978f,0.042810472131316814
ck_5eff0208c74ec714,0.011110335650336886
ck_a315c9619a317609,0.015044673528133268
ck_2b87683c90acb852,0.00674931054262153
ck_7cd9f39c50748ed0,0.01815467151976523
ck_16a06d58d71935bc,0.14264396725359313
ck_d116e0e7c19b878e,0.8393476485037015
ck_931510e384b1d0cb,0.022719306791960252
ck_e7651fb87bb24132,0.0032216332023826473
ck_88ef9f85948e1a01,0.005386872480976385
ck_17bf38d51115a8f3,0.012168526006273295
ck_2659d1d3762a2825,0.00960130980850052
ck_a7285955e2852686,0.017596153747203202
ck_f2c33d5b65b321db,0.05865113652525742
ck_83e5979334345622,0.01803541571889508
ck_629537d8b4d0f395,0.016012828896195958
ck_72022008a92c9386,0.014131023192598171
ck_2973b8274f0bf69b,0.041390120223188324
ck_565e3418d2f4061c,0.0144228800767822
ck_54bb53b8f8ea32ae,0.9763611390516059
ck_af0a6540ea7a36b2,0.011644505065090635
ck_888651bfc2c8cf70,0.006857503405006119
ck_1dedcb48ac381a1c,0.16453416551267736
ck_f73273e220296be8,0.011128325613754592
ck_8424bf65223a5a9e,0.005963088833793317
ck_337b930fd149a696,0.00957873279325675
ck_8a4952de8a123ef8,0.012504653819965754
ck_884168153c9c0c81,0.0017567217692284656
ck_fdda581aec411010,0.0034537394481277584
ck_2b7cadbc8b180d32,0.7230060628844185
ck_8aa8b9968233a1ab,0.002376393741590004
ck_0af18b3ce015d294,0.002748878408599744
ck_8dde670a735d1e90,0.07624557818873924
ck_62f46226f244139f,0.01957425681371151
ck_f948e8a8fdd79b4e,0.010747296635610871
ck_fa00aa0f3e859904,0.018076174233249004
ck_fc7935f784a4f249,0.009344698361527045
ck_e7501307c0698e5b,0.010429074791621746
ck_549ed417f2834cee,0.04866026683116561
ck_fb2a35571ec719d4,0.04946987002628527
ck_25822068c86c856f,0.003597612302930197
ck_8f35d229b62c8f23,0.010205010759105543
ck_bdcf049c1e7d0c95,0.008637591752776288
ck_0aa9db36eb16422a,0.0044058119998762225
ck_42dcf92e9e016922,0.09484386151895642
ck_42341cf31c08c981,0.004354546777573999
ck_0b20bfc515ba42a2,0.007536230095275016
ck_0ec820b670d48098,0.0027633466692317996
ck_1f0bafec397da8e4,0.02172822624428741
ck_82f07504ab59ed33,0.09390648648597377
ck_337b24a474010abb,0.9760928272388476
ck_703703bda38fdcf8,0.0056569151370224864
ck_01e7960c63dca3a4,0.8666917376834746
ck_be5bd81e3715cb8f,0.6894295418524635
ck_197f8058cea1fbea,0.002358919262615648
ck_eb3fb1106f2f1b21,0.03744140666769026
ck_658b4b54be09a4bc,0.9718422215660407
ck_266ce7ccf41ccc50,0.007510587463357213
ck_110608c3b03d4038,0.6562669018703081
ck_1be8cb95d6d9bbf8,0.0030972779377056135
ck_8e16a64a776afa82,0.08635798836593152
ck_34bd190d37eda534,0.05052245990794187
ck_4f521611ae14ae66,0.0037064298189324516
ck_d839798f9520363e,0.08572315686523196
ck_d1bbfd246c0ac9d5,0.01862239101870368
ck_f19030e6e85a6776,0.17606415226926564
ck_cdabe60ab59f9d5a,0.010550680500894109
ck_bb84b2b30293f566,0.5038694991604203
ck_427b91925952cb40,0.016488534797126076
ck_1078b1e155b5b640,0.009311670873956582
ck_95fdc264eac72fa0,0.00521959776653842
ck_e35eb857c61548b2,0.6850106512664388
ck_69bd0b1abea7e1f0,0.12694631313360674
ck_59de511b20c842ba,0.05416691645628452
ck_168e7ea341a36b80,0.002779796576604226
ck_4937cfa6526ea138,0.032328309796626355
ck_bb1a981306b750ac,0.07282250064002777
ck_f42a43e4c3f34ccd,0.007103560036147507
ck_c7ae1d4b3ab38185,0.005654588338099291
ck_bd23cf9bba1dd33f,0.020072040932586962
ck_0fd826fad7ec7cd6,0.02964120228024651
ck_f143641bf3dd0414,0.02186893733302228
ck_ad6d48c20a3688a7,0.0027535474076282977
ck_7bda5b5b927b2905,0.1659846136384251
ck_a337eb38eefdcc88,0.029423789411733892
ck_403da2a2d800df9f,0.20202870471691303
ck_aa01d5aafde73d0a,0.003975625063146369
ck_494954023f0eb309,0.029713899915018355
ck_1c6820fc38135ad9,0.0532985790765128
ck_0e0bab173622db9b,0.023879754279083565
ck_547090bf35a3b243,0.006438334993294999
ck_d69455220b21dc9b,0.007329584273979465
ck_90b4ac695b9c6bf7,0.0060842958471127835
ck_8d2afe17c0082e6a,0.013985702651358635
ck_926b81c0ba528eee,0.01991249860483509
ck_ce36b0c287bd198e,0.07737744304762602
ck_8026e017909aaa6c,0.002602416279907623
ck_dfba788f35d4c372,0.002459972026661286
ck_f09f9d0e0886e0c6,0.023802963661660823
ck_4ffe0366df388604,0.009159288037199183
ck_75bb521de55644c7,0.03293499369980283
ck_81a960fddf79ecf1,0.9420424613991703
ck_8f43459991ea511f,0.006102369876510452
ck_f878b68d66fbfd4b,0.0021354476494817817
ck_e84abfc0c747c9dd,0.8903359945832353
ck_3ad3fd3cceb56b66,0.9152413379717347
ck_7cf562578c7f158a,0.004532149443802856
ck_f81a97d350397306,0.05380824486479716
ck_255d87b7fb40caa5,0.008605835078137053
ck_b3905153b9eee924,0.007877674601919583
ck_2c80a592fb4cd6a3,0.0035069991715296505
ck_57deb202d4188a29,0.008731945365494048
ck_e3cb5f31d8e94448,0.8607728371829149
ck_0db62d5f7f75f80f,0.009793745240092855
ck_ced9163ea85589ea,0.07533902463759469
ck_e16528edc694fb33,0.9463085255683436
ck_78cc5ec4940fec3b,0.006474303525860027
ck_31742076e9a998f8,0.012257196926568284
ck_5ac335f02280271e,0.016474993687272423
ck_7cc2e091806cfa5b,0.018632612881934362
ck_3152c7115257f084,0.0069711337836227795
ck_ab1b9d019921bca7,0.005782720178731181
ck_c33a762d98f9b290,0.002589414281939816
ck_b16a7c51b6f7a6b1,0.018334644213030916
ck_97402a153348e68f,0.003113894333319758
ck_95391029a21caa24,0.13395532542257632
ck_c2015a1200971fe9,0.019741445075780562
ck_ed4427962c68918c,0.9731161833966376
ck_c5e4a17d3efb19a4,0.4936953690474268
ck_8aec3d3dd51517c2,0.002878829304346305
ck_f5178a658225d8e4,0.004334173525687777
ck_8594f165e95316d2,0.0039751949639488205
ck_f0c4aac04076a6dc,0.011982916068409288
ck_ac2f7397801036ef,0.01901045653190142
ck_d1ea4bcc407c7d5e,0.010557592709626662
ck_cce8b6657a538fe0,0.021008691604157154
ck_66d0c6d6b67a8d58,0.0011694235213594963
ck_1a6b30320835e57e,0.018653461878256956
ck_8cd274cc85aa35d1,0.03210568869294544
ck_ada46085a78280e4,0.009946146724060407
ck_ce1b06623e4a815e,0.004246102371055257
ck_45e70c8a9686580c,0.053665798455506196
ck_0084d8ab6b1044f3,0.0042501667689613925
ck_a5f7b6fed6df2aba,0.028728057609683347
ck_94940d783e7988e6,0.004727672250637753
ck_00f9ca84d1d8ae7a,0.006512043635458052
ck_0deb56f3f6452818,0.004863429315693581
ck_a58e900469dfc3f0,0.009491711523438862
ck_028c41b195280980,0.009268603983968384
ck_7661d7ceaeb19f97,0.030565400228733632
ck_6957905a65c47879,0.015306309716746532
ck_f7c6c26ef3c4ae06,0.032892758235477305
ck_8777beb11aabd66d,0.0071438486881108655
ck_7db098a17374bbf8,0.93262189679867
ck_66aeb00e44486cda,0.09284060287680844
ck_838c52cc1d315ec3,0.01844918058487181
ck_1745847cd4e5dc83,0.045048635322711715
ck_201687857ec8b3cc,0.00833631083220087
ck_81818169208a8cda,0.02063622180942892
ck_3303fd3f64632c7c,0.05723794974827993
ck_edf1096809e83ef8,0.0027855446695853082
ck_235ce9603c7dccbf,0.07250397916982082
ck_9df7e153868bca13,0.008512739439583092
ck_3cfeade2cf270fee,0.03437462064475389
ck_982b0bf2e2b6c4f7,0.0017930892478533501
ck_faeb0da678bb86c0,0.006806871945494212
ck_e86ad2fe815b6ed9,0.015483311313414504
ck_70d69e5d1bb99e85,0.013131272067294655
ck_7e9a8924eab779e6,0.9780650968133578
ck_019d5891103e7da3,0.0040154256176234875
ck_14f0484b3817eda5,0.010348828469817245
ck_85de63d278f0fbae,0.0028564711098203297
ck_ae91b4cff57fb3bf,0.024505363617311135
ck_2a6d43b9f883b78e,0.6512741762174845
ck_7a4e3d553e8ab5b7,0.23943403085285767
ck_fdf89dc69f700f84,0.14421671689738763
ck_f92e04024bf13558,0.002369702020887741
ck_4a522ca2dc4831a0,0.002441033926792875
ck_68ba25dc3385fea1,0.012665395948755825
ck_22128a4f0d033422,0.017859540849998964
ck_5b52ee0a13c71590,0.004004781910714748
ck_59472d17debedafc,0.0602544972330882
ck_9dde2c63acda3ba3,0.009809375767820648
ck_7510b1023cd08531,0.0033586345560107345
ck_071ddaaf2e4e3671,0.01273137263815239
ck_1355db6f4010232a,0.007676423514146616
ck_0a7adc2f27f98510,0.13820500001130523
ck_68250033717cd59e,0.0067491273103123
ck_7c12de74de30b788,0.5352294452693229
ck_65491367584c730c,0.012976822885986755
ck_e9047964952bee70,0.02436434538194228
ck_5567779d6ba184eb,0.010092251451418907
ck_d6ea026357ec6477,0.009480851324417117
ck_cd7dcc884e283746,0.03525852664902524
ck_0bd77fea8ed75a15,0.01631768040906933
ck_e80883208e8d0453,0.00428817277524506
ck_2ad0ecbacd5acf8e,0.9437359914628751
ck_6c1dbee7e8fdd5c8,0.012722796365564767
ck_ee4d9a7449515908,0.0027640842002903624
ck_636111f7f030496c,0.006977836361044937
ck_2c629c657f73941f,0.00793232633827686
ck_c1c9d3842d758420,0.03650161478666816
ck_e4df7faacdfe8c40,0.018106171965711657
ck_94e8142728e44380,0.028192969096152088
ck_765aaf42c5088545,0.0121933729654255
ck_e0f845159b6e6a4a,0.021153963725636594
ck_5bc07deb82edbad7,0.003111273539058863
ck_713159c5c6a7a4d0,0.9858688367564158
ck_b08afc91d9ca55db,0.027761670840661352
ck_a7bc323ffed2ea97,0.26678272189509744
ck_85ca825f905a34a1,0.04987151506594855
ck_33160c443d4b3f19,0.031451813360366544
ck_832d39c590a3ca75,0.8551998294383654
ck_7d1661a34164406e,0.9832716557586627
ck_c2466fc40fc9d5ed,0.9694299768222022
ck_ed0e776c0926ce67,0.08932479387234417
ck_cdd2ebeec75bfa69,0.20136419255140534
ck_d7877684c7923ec3,0.007019120186089435
ck_7384d4d2406aabf4,0.014624398446919937
ck_b8e5244e650aa81b,0.02008839648912453
ck_25a1ea40b2d59254,0.003191933679173473
ck_b9e5b318ee4de68d,0.0050438250169278385
ck_620d7ae27af83cea,0.007678241085737058
ck_40b4e264d1a12b83,0.8655607729180942
ck_b694c803b62862b3,0.004477060364957261
ck_cbeca201dbade3e5,0.07228388124163465
ck_f9b439c9161c3e52,0.00934571241828976
ck_9880410fcd10a28e,0.0025152673065242316
ck_74928f5f91aa12b2,0.05621321971491821
ck_b6673bbe61d2680d,0.012112544384201321
ck_53c8315b5c30acb4,0.00391372714850684
ck_78f01d78ea79642f,0.005581493224199472
ck_8582490d6e365a63,0.007046124597600618
ck_af25c72d16299258,0.0031966316336511716
ck_7905fe8e257b0449,0.28804550727707084
ck_0d16d9349e4a9e08,0.017651261940878713
ck_31b16b8848584e98,0.017206508638805598
ck_67207e3eecc02d76,0.019480875361277218
ck_e6b95ff91116a592,0.007959611753543566
ck_c08f622bcd6de6e7,0.12783492370309282
ck_f9a68da9e0f0bc85,0.004038599252508323
ck_4072b59388976896,0.005148485066462424
ck_8ec86e853ad52828,0.12243077114710828
ck_4fecb87eaffd5cb5,0.005489007552510187
ck_d6880578428b965e,0.11833459119671291
ck_bfc82b3c1c9f2897,0.8750348950823237
ck_c340644176ca03e7,0.02861257928125786
ck_321e740066fb05c3,0.41051434101320977
ck_8929d2eb09872052,0.13328052964966616
ck_205c107cec528414,0.3962737593833867
ck_e76db7d2562f9836,0.010246300630543171
ck_9ede51c8434cff6e,0.00985281051933385
ck_492e4b89c61b7b6c,0.006079755699615455
ck_9385f5a1eeebefcd,0.04642585001475189
ck_ee52c7bf88f952ab,0.01445190124800211
ck_d8116c34302021d7,0.002978558765866192
ck_01645ea51972e99a,0.030041674373898902
ck_7b45ed23304a854b,0.00934750944036304
ck_2096d32f3d497ea1,0.1037406407402382
ck_dfbb2056f1ef7d3b,0.01105765892596651
ck_938ce30c864bc7df,0.002062264785877791
ck_ff30dda2c881a4bd,0.6668789763143583
ck_f88c79186a082beb,0.017493565219216974
ck_08c7bb0f9851cb76,0.22983485433015294
ck_2675e7a008e584a7,0.037119644452648086
ck_cbaf8a954281d4e3,0.9370303084853124
ck_8b24eadf6c72b30c,0.6893813060852967
ck_ffc8e3c1377d0706,0.0034761151484442427
ck_5b59e859bed5b40e,0.022522120986192534
ck_7b61717f172f9317,0.8120856117136587
ck_e5c30947b732f661,0.0887492086328638
ck_bc273f3ce79f7e1a,0.006654176987197461
ck_f69e93388b3028cb,0.11887607698027138
ck_3837ad850996ba60,0.006660054888702111
ck_36d78ff3bc033ee5,0.00758802820475018
ck_5e20953547ba4135,0.33003074338877164
ck_258d661e450ac870,0.010305609402931971
ck_1df66f537496ca59,0.058952094213055174
ck_361f535599110201,0.011554993255982646
ck_337e98c69f6e7886,0.008736611998911707
ck_d3d5b2717cfc3913,0.09088197652342948
ck_b1dba768dbe7affe,0.025848274959257626
ck_92d782bd9ce0d1e3,0.038718505634386335
ck_26bd0f8898afc8ba,0.002348351735060153
ck_7916e53daab36745,0.03585027614609996
ck_2caf553b31831a50,0.009854130887445751
ck_c6200734c7f9b2f9,0.8676617952454596
ck_cdc55623cb16e6a9,0.00579245262782373
ck_57849e15b61c43b4,0.0022509452690390058
ck_b7af9b2ee0eebbc6,0.0162684944579617
ck_00aa5fc3b3bc66aa,0.015800133882646516
ck_9929723f65636c7f,0.9849784586038274
ck_8f6cce9f69912983,0.008938312945957903
ck_c422ba389ff00781,0.001616955795038252
ck_9ec7f334604a228f,0.017925091939396707
ck_5d01200ba3341462,0.006333099948048484
ck_2bf10be403849c9a,0.013250429625626656
ck_6ca018259f70858f,0.00691992818547411
ck_a54dc042ebb7c766,0.36245601703037433
ck_79da63fc100830b5,0.008271326082289613
ck_67ab6f9e05c85085,0.021699730237849157
ck_fa80da579ea9afc0,0.007785284973086959
ck_4339f86c87289222,0.5808297452856559
ck_a2299b4f530be0d6,0.30333567657632554
ck_19db0bf788697c2b,0.006513198214670879
ck_fa4211c4d826d830,0.0018352941780131714
ck_96100d5e8e051e91,0.004587514277668466
ck_5c3a671883d58b3f,0.0013703266098945715
ck_2d9524787cfe1ab3,0.5742853443390933
ck_47ab8e51e5b3a2d8,0.00468532481134652
ck_c924f36bc1bbbaa3,0.0054794384734754035
ck_5c58e7f8fd55e26c,0.005345428565143098
ck_a07e7409d6d5aa06,0.008435260111972485
ck_c8413898f5f7cb7d,0.02738747383245231
ck_577c816b41cab002,0.8764100521270614
ck_9f7807ed64cdb728,0.07792494754503072
ck_495d814d6d6d521e,0.005216284094483869
ck_7aa8bc018c2b003b,0.004788499031254782
ck_7c3a6a82f3c3241d,0.013300503677944981
ck_487f7fbc290e4ae2,0.017980798462145477
ck_e556c4d36aadbe03,0.003764875884956564
ck_7e6569a1b2455cb0,0.003065203300647388
ck_de2924955926d046,0.007596180751706477
ck_73d60b4630e3937a,0.0039277341383078005
ck_805ee564bd35ef15,0.0243686588648251
ck_0d40961e47797027,0.005348875557170156
ck_f06d00a4f9c87d80,0.0027378032561049515
ck_5ef50fb07b6737d5,0.02049415076052872
ck_16541fc15683e21c,0.005920680637854596
ck_09fd43f1b7e2eca2,0.002197266363326173
ck_2a2c336a69b8d68d,0.00885928063009013
ck_2685f38930866af0,0.026422840826800544
ck_298278a9da874437,0.009592203728463212
ck_00bd7803f2530c68,0.016458717937294406
ck_c2b4a1d8c0b6c1cd,0.002567138349465306
ck_2acb54ca20c3af6c,0.08101759421180972
ck_e3d4b6f681c783ab,0.043291220599054235
ck_f90293f1eba5d7b6,0.03922944716446431
ck_e69d27e8965df0be,0.005395963566353401
ck_b7f5d10b427346ad,0.005979742754776072
ck_1ce20e4223a936b1,0.017952790775460494
ck_6b97d1ab90f6bdeb,0.039374643411024986
ck_e30e17db5473c7b2,0.0024014246062869214
ck_154c8efb19dee665,0.0048992539700673104
ck_6f5bb0c930644cae,0.9876427892922811
ck_9e17699baa83d173,0.0022867354525397793
ck_9693b1eb70880205,0.00584107855061888
ck_1e97899875bb427b,0.01420967687843123
ck_558a82590f65df69,0.0021720203140127375
ck_18df83242ff3cdbb,0.02928362410119297
ck_80ad4396e1084c68,0.023179089446630552
ck_0a993bc947bab61f,0.015113183429892672
ck_5c2d43ff841632f9,0.005037607186269953
ck_6e4b99fb9725d9fa,0.0057121920575385855
ck_e0983999ca26c19e,0.018946509500400673
ck_6573c4947cc8607e,0.04653301101428339
ck_d879d645d6e44207,0.011662839085280178
ck_1375ad9f10688e4a,0.0019740895313511866
ck_7501ebbf4e21f160,0.010589273091483305
ck_ca60d61cd4dc3bea,0.0026285442205331686
ck_ab9ea095a5c58b4b,0.010308186710299034
ck_23756522b58df5d8,0.0024107352248663463
ck_90bc176c43d85fd5,0.18295686585418777
ck_908b663b2dda94ad,0.031202026862959472
ck_4df2fb8e4b649e27,0.010615551981572269
ck_5615c6bbdef05291,0.07324277432944105
ck_b62f3e3185251f71,0.0017031615404730898
ck_38d1a22850178f33,0.007193612512778964
ck_5b3ba20c8bb1383b,0.008902356229264148
ck_5576ffc6aaf6f22c,0.0013002153686934965
ck_cf7a022178165e56,0.007921746496712593
ck_f2c7a4c50e2ede96,0.010752866678679985
ck_285719c77eadf915,0.0025215964509023594
ck_f2aa1b677619ab19,0.011310922119468702
ck_3830c58d841e9e69,0.6540313262848632
ck_32eba3510c8eac5e,0.011241590201065929
ck_8955d7b9030d5eb5,0.0463340148791147
ck_6775e387dace7525,0.02125953483900748
ck_0a0cd7f4be606a93,0.050473272665611545
ck_a9f700eee5d638df,0.006693482199546529
ck_3d7db96995745472,0.007612022319831877
ck_aeed557007d52e9c,0.0024190275711665128
ck_79b6a86830156b5a,0.016480191355637153
ck_6a1ff9d69466181c,0.9902094750437908
ck_f11b1565f986f5e3,0.010898129142571142
ck_4819327a78615485,0.0033172427248587635
ck_3ed9e081959b2f5c,0.006553809625997678
ck_16af4be191c47d3d,0.0026632959854875076
ck_25122cc0e8b1a662,0.10265020108029
ck_509c22828d467ba3,0.026892066628286485
ck_31109c899336348d,0.003198233430979295
ck_c51131e53baa59c7,0.002072397107846199
ck_cf8ecabbc61d3e11,0.005755272423711291
ck_eb6baff0f85ba936,0.020819302773123816
ck_777669e2243204f2,0.882881469610583
ck_ac0ea27e692acdc9,0.01960020066194562
ck_4c6ea04ce8ca9e2c,0.006131183686544961
ck_ca54b32fca7e94cd,0.008404078189252494
ck_4dfd8947f540eb24,0.003870267896580213
ck_95aff1fe27fb24bb,0.040488902289706925
ck_c7550723b90e5615,0.0049095765325909485
ck_57b3fee69bdf85e8,0.004025241141305724
ck_f823407ace7ff064,0.036130321656664945
ck_a69084a068bcc8aa,0.05690041876171129
ck_c7b17f7b24bef5d7,0.008606654247250968
ck_7c4e588f927c27c8,0.008167904880018966
ck_77fdac602d0c6f95,0.031190894183403015
ck_e963d8525018d072,0.009895311780015013
ck_6e8ebaea8f7bffaf,0.002657729585710294
ck_aa42976a31cb7770,0.009978586215928306
ck_22c862a496008c96,0.9813501813271861
ck_527550dd15f38782,0.012715577640433429
ck_b3ab3c210e2c7c19,0.015162435322610674
ck_ed9c56fdb9f45ddc,0.4259201663731192
ck_b53281da70defcfa,0.009344288208584767
ck_03009b721568ee98,0.03303799897862874
ck_3d9afd862b3f4053,0.21485279552594236
ck_ad3c4be96599554a,0.016650032233640654
ck_d1c787c27d50af49,0.02506779147773283
ck_c7a9c7b2eef46a99,0.0072392767430084675
ck_53036d3c6c74446c,0.13473141001595218
ck_1b1efbd9c0964c8d,0.012065503995958099
ck_d66f42a269d5c1ed,0.09600218592113907
ck_fefc49a2b8ad993e,0.012817367027211188
ck_8b3b874249adece9,0.024340484591167694
ck_193d9c87ad3f1dad,0.0037185702807287606
ck_0c6a50d747593b7b,0.022743063165247768
ck_c830f3830875b47a,0.036399345464014916
ck_79e202f06d8dfe42,0.029769812353529174
ck_5c0fe988b8aa7fcb,0.07803418482922653
ck_a8382d8345f21e1e,0.004697398078923966
ck_8cb20053914692d0,0.015703547996312617
ck_1da2f69023ca4c13,0.0016630494244410483
ck_38abb60995114f8f,0.06884001232715148
ck_f5791fd8fd8fd191,0.03250593941335908
ck_a4e6fc391b674335,0.2360484658007993
ck_bd771efb4a7e15d0,0.00900160190731049
ck_38ba4a6b6a292054,0.2237823746704313
ck_f7a07283345a0dce,0.006708439588830891
ck_87dc484baaf5a23a,0.0021179588092970544
ck_c84ef83489badbfd,0.023052347846686982
ck_a397cd64ec5d644b,0.005294940415005416
ck_7977135c2ff61e92,0.00680282802209902
ck_52174855b243a8b0,0.08019944269450101
ck_0f35e930d0614613,0.9705813873197956
ck_b170a7db522a0d6f,0.015188232476228329
ck_7af748a23775bd54,0.2704106998689397
ck_52f641c9ee6fda70,0.005642446004458354
ck_c3719a30414bbb4d,0.009618342405811909
ck_2baf214ad6bc0dbf,0.03814685006024551
ck_8b39d8aacfdd72b4,0.004884164638734572
ck_d39b0152116203be,0.012601027230373124
ck_ed33f8a937f9c7c8,0.009910519583539626
ck_8ef97b55a5fd6ec9,0.00271058395112376
ck_8247f008a14bd1a2,0.002977150240640898
ck_f0d349d68249d5db,0.0037794732006204306
ck_a544e766540861fc,0.020815106460637268
ck_9dfaca4c7c80b10d,0.06297164595622719
ck_7e5401c362b2216a,0.0018020492007413877
ck_64ff60c073fdb6db,0.026372480463805414
ck_fc5ea49518e5d637,0.002914459513528877
ck_580f136ced341298,0.003686329809482072
ck_9cbef9bc95449dca,0.005511248344981549
ck_e475a3b8ba870a7e,0.006261858265246288
ck_97e94708bcf43563,0.005988320875926057
ck_13f03ec785cbdae1,0.0026525100024269777
ck_152820d8817f478c,0.014590928939436573
ck_d20d4ba60eec9945,0.019131848519342336
ck_5c45968a805132e0,0.027850775348559478
ck_bebea2cf3063fb24,0.02929366375395787
ck_c3c69aefe7ea1d2f,0.013210372933425835
ck_02028b72f26fe855,0.008768038036442065
ck_dfadff70a58a9133,0.003028014871212124
ck_6482ed4491bedcaf,0.010194061088483662
ck_754cd7b4a5ae3f94,0.014932464460860611
ck_3132857aec8485bc,0.0018208633897716904
ck_7ce4ca91b8f9f1c1,0.015336833334201648
ck_41938582f4351772,0.011731139543691564
ck_f87d66946252476c,0.1757471829287548
ck_8053f1879a9b4e43,0.0038705917718964097
ck_93892e91387f5103,0.01885494701296415
ck_15254db133b28371,0.02731090020815208
ck_d557b9feb241b3ec,0.0040644718929812584
ck_71c3a8e4c12c989f,0.004422774980138386
ck_80e3041811033443,0.02481098057905756
ck_3380d60067b4634b,0.0015833538628661594
ck_a9c2cdc758df8510,0.020819553655544342
ck_3c0031d7514da17b,0.020097635072604536
ck_18d214b1418be39d,0.005302202139852277
ck_7ce768407fd48321,0.010445637768035402
ck_7a50abd42298133b,0.0041152073762548294
ck_2db10f987d137582,0.026700112052950975
ck_e077d004cd1d80ae,0.011777157505963405
ck_1cb6dc67f9a321b5,0.041787966525976515
ck_b864f64101149c35,0.2500514890644511
ck_9bedf54df9418e4a,0.006166615614236798
ck_c47e32c47f0e6578,0.10564376915421637
ck_71f382d5e338daa3,0.004607856440769669
ck_14b4bf7be6ac2b61,0.04030312033178087
ck_5c87eea1cc07cc92,0.04464653434837638
ck_5f445182829ef342,0.05045980383672286
ck_a5d7311291caaa54,0.006931415986399663
ck_b7df99aecef385e6,0.035148845413945605
ck_3327a0582407068b,0.013036916409209467
ck_08dba09fd7dab896,0.02050286155167008
ck_f4ec334be5266378,0.008957963991978497
ck_240f7f894c5a86e7,0.0031418458374799173
ck_a9d994554fc14a02,0.0011740333395677258
ck_13648cbd306eee6d,0.016099347459360133
ck_601edf9105b3c321,0.9830639848476465
ck_9527adac182abe57,0.1852839454637789
ck_4e0e80f5cc271bf7,0.0020299419587876243
ck_96a89e720176b389,0.2877352153803532
ck_63560eec94b76d2f,0.019021721328613756
ck_c9c99e5b19aeced8,0.002600570200784926
ck_bc32655ee5ed643e,0.03600780540665157
ck_edccb5a93b741744,0.006370978957069051
ck_f786cbc987b70930,0.004457465389798749
ck_0e8f26536ccc8947,0.01694519858353413
ck_b87ef4b98cfcec4c,0.042311012620808934
ck_1a9235812de4b2c1,0.0417580801002402
ck_d1ed88ea4211ba4d,0.003564311196250719
ck_a4ddac49657a4450,0.033645954647029214
ck_d9ffca35188e49d8,0.01865809430054588
ck_3db73bbe03c3d240,0.004161647304325674
ck_fffa0622344a36ab,0.0023467329097696383
ck_148c28df51bba5e9,0.9140546127783872
ck_076cbc25c8f15fc3,0.9444676232623973
ck_e5ca550b39ed45bf,0.23723469194244876
ck_8dacf3a2061ca17d,0.013484426299745214
ck_2d7394afd61643d0,0.003545733059071516
ck_e42206e91f6a1752,0.004054558804177508
ck_2f4f94827984c426,0.002436596618314453
ck_edfe8e90e8f4366e,0.004633970033514095
ck_646b15f753e5e9c6,0.034799264234663806
ck_66600620149c8799,0.006459649241927527
ck_4ff6fc70bccfba96,0.17045552103702286
ck_41af3729590c2484,0.007783848169821198
ck_920a48ba8c583e96,0.007288268154473691
ck_0253b3e7be021306,0.0014105510838338577
ck_2ae6949246ea2648,0.0077660602205945365
ck_db23a5100f338d72,0.010962433725036367
ck_fcb2a559474c3493,0.0077326201318420745
ck_0a4d7acd2a53cbbd,0.003646949035038056
ck_c5d62b2b7a6f3bac,0.9716525126419805
ck_cf59f4fc0ea690b2,0.007126986790082037
ck_837be8126bb19250,0.002997970115580976
ck_58955542edee1adc,0.00548337111364088
ck_1b93381d8eea58d1,0.0058878351611180825
ck_97b8e05d62abdc14,0.028176718236498182
ck_71a0d645744302a3,0.0071431873819588045
ck_a7b57882ab66b111,0.0029249894952618725
ck_65f76421be648549,0.011083409210910269
ck_b53ea8713d32ca7c,0.05284171949745651
ck_991c4c924a1d85ff,0.8506645987482712
ck_8432ccec1a4ec7fd,0.9897213864166431
ck_64c1633297f43788,0.008068667463797544
ck_4291fd9c1161d8e1,0.027457533843577412
ck_5e98ed6391d9f429,0.035958001048129455
ck_c7baebe4549fdbb4,0.03700214092195068
ck_6e67225ba59fa5ae,0.01933464751421497
ck_719602def4d35fe0,0.012638756697328425
ck_bdee7c86f5ebe81f,0.014008457991480198
ck_8de38f8c7f91961f,0.051083751771273354
ck_b0b5bf9254700402,0.005057635771900068
ck_7b55d9bb1a250d4f,0.06456764428437223
ck_3954b7b0fd1d6614,0.0029464929601704585
ck_f29471fe7c818d6a,0.004729093360972547
ck_9e65a8a2f587691a,0.014594127219874702
ck_eaec5f1a83b66eb0,0.18157863649329795
ck_004fe0daecbe2c1a,0.008196227510049852
ck_d17653a4a2d4a79e,0.05965256929222049
ck_0dd417fcbf19e424,0.01536855669453708
ck_4c99a6eadea143e2,0.1466664578454254
ck_74d602c907ee9119,0.0031888880894506244
ck_1aa87cb62acc0ac6,0.025440092721659476
ck_094974d75e29fb2f,0.2688615052423984
ck_5ef935ac3d4d3332,0.015293248999034057
ck_b26e4ae47c9107ed,0.1760567473461109
ck_396cea6f95186ad2,0.021330112473282415
ck_48446a9e8184c7d4,0.005408085981055705
ck_31e1ede23247d56b,0.03331972745954954
ck_7afefa349b960a3e,0.009598328332806341
ck_f5e02a3432571b20,0.03250314692230959
ck_64eefec062592c43,0.011443579462146115
ck_a1201284122c141f,0.0292094590213756
ck_1b34c420a4c85a95,0.0063957946430141755
ck_d637a011332ba67a,0.003592268741174179
ck_99c0004d8b7079f8,0.009757098596864184
ck_948517bad569b40f,0.07714720628368849
ck_a28d6b1601b472a6,0.04047854288208828
ck_a0b4209feb31f5c0,0.9892421788798068
ck_d6d2c1f6dfc455b6,0.415009040495917
ck_3f9e6d356d3dd3cf,0.005729716692176142
ck_d08e00c842b75176,0.006148533089323491
ck_bfdd232a7c5f2660,0.05436370316537755
ck_2cdad03ed069438c,0.017478741393606625
ck_42317c3eabd0a285,0.36853639917635556
ck_3eb73e56751c704d,0.030251132290838766
ck_ef33c04f4c9e3758,0.022651351647146743
ck_1dc23dc870f1773d,0.026169959388235017
ck_76091f357974a152,0.007980005848665137
ck_4d9eb75e8eee90fd,0.015987518911226756
ck_578f67e69e5d2cfd,0.003303002675188253
ck_3a8ce1cc724229b8,0.0017528198790505956
ck_a96887f841e80fc1,0.030925134164537075
ck_d2d4a8f4a9f2c33f,0.004828219656196517
ck_11f85bc705dbe036,0.04755818154908483
ck_7429b3f87528e335,0.004223138084108749
ck_26df74feac7ec51d,0.02669842147550866
ck_c78b2638fadd91ab,0.022471938756256
ck_7eaad325abe3b50c,0.00487862252828196
ck_fd44e34af620e606,0.044245229343638164
ck_f99738dff854e25f,0.0033844022146348562
ck_1ffbce3a239bb264,0.0027520270451998397
ck_96c7d52ba0a766ef,0.03151539099485367
ck_cb1c00c300af3f9e,0.0034274081114460202
ck_ec3d12848ced99f2,0.020772683116428665
ck_26cfd7c3c6c7bf69,0.011351744012680872
ck_7ae86b5a885affc3,0.022487686016406674
ck_3edaa94d28cd48ea,0.005688632614540404
ck_3209c530c9812e39,0.005278270358825072
ck_ea62ebfc1f04b49a,0.00560431029502689
ck_5fc90b4668ea81bf,0.008809221422827493
ck_95654593cdebd141,0.00423955288618011
ck_958c0bd61820147f,0.06079459644641915
ck_8440ef1386c07194,0.007350701520951551
ck_8cd1b68dd74b1375,0.18322120903039416
ck_c9eb4df91ff07f2c,0.0696018792231189
ck_c29489366c01fe65,0.8623767576746942
ck_c965fd6bec0f0ecd,0.021051910271597123
ck_84c402b23766e1f2,0.014677283864257309
ck_181f3dae03b87136,0.03382729050610051
ck_022a8ae79eb28cf6,0.9172983888413163
ck_469c17407d17b706,0.015040698896557333
ck_1fcc5843f39148a9,0.003294884292831802
ck_5debd55f361b2ddf,0.006306983541275309
ck_28cb9b03e89263f1,0.003148845999512066
ck_f067470743d3c7a2,0.03195917869724013
ck_d5d225ce41a1a762,0.012019711992530819
ck_15b4840922195ffd,0.007214805214021608
ck_6bcfa37c717f19f1,0.025046269260637525
ck_8d501a0386c66be8,0.13609560909957447
ck_1a9d6190c57ea7e2,0.228758908835294
ck_c49832eabdac5bb7,0.004119426973799461
ck_b4331140b2e0d4aa,0.004694697832681728
ck_5efbea1befdefe1b,0.23062025776909803
ck_72ff52c4824072ce,0.027798190864744415
ck_ec3715add8bbb6e9,0.0020908747919358203
ck_9822f8ed05335741,0.010464617279157965
ck_c3d7d3d12a1981a3,0.003976115461099084
ck_a115a7919ac5875a,0.009994326777507556
ck_4dd4ed23e0b927b7,0.24190185129496358
ck_4c76efcc1ee6762d,0.0463950154818751
ck_3ad6e7bf452c9b21,0.008162101652535732
ck_dcbab304b55a42c7,0.009950208477825158
ck_24b53090faf722cf,0.009804313806263608
ck_187317383400491d,0.004562294613890288
ck_e07fd57565c94c28,0.055797190527630824
ck_740e760fdcd27835,0.003350110156379703
ck_d3796aebda1cfed5,0.9103204007964772
ck_e541967c681cb929,0.03998590747952656
ck_431118050b834dcb,0.0020288650329668293
ck_90f3655f0c8a0074,0.002768277768226236
ck_13cd943777651aac,0.01987402716234972
ck_66accecabf3901c0,0.02319255447205605
ck_937f0da2306b2eb9,0.0071431551341532016
ck_105b0c93573fd5b7,0.2538399512258302
ck_00480407160e0743,0.009061090529644628
ck_e032068be7b77d15,0.04554584687434544
ck_991b7dfd69098320,0.006357881865834501
ck_37d47cf0f34574a2,0.0023711304595754267
ck_011551a596544f5d,0.002349509415113028
ck_9acd98f4fe2d474e,0.181834747599143
ck_7c88d3d377bb61bb,0.011479550204231685
ck_e2374c7136c964fd,0.03204859632802182
ck_2fa8f2577116e9ca,0.03579542807164361
ck_d07c5b0321c685ea,0.16785604376590257
ck_bc736114a31088a7,0.019999880200063613
ck_32bb42f9bff197f8,0.007405212748786551
ck_66267bbad1f1415f,0.9838782400616495
ck_19988702ccd79201,0.010061206901530324
ck_f473a03fbcdbc4b0,0.0037886952974341367
ck_e3f1d85fa5d49396,0.0215359348206455
ck_c4402ea6291df271,0.033206605286715
ck_243bd5ca8c4ae5d0,0.004192342805508119
ck_f271e855925e8d6b,0.09048606698464173
ck_e424148c6f2223df,0.004460097384047947
ck_e4d0a9e1102a58b5,0.0048249872171832525
ck_91c2a5fe69b9b1d1,0.005841925536966202
ck_5fd8924732fe403e,0.2058261624337394
ck_9a881d5433126ada,0.005695905053615772
ck_73cab88b29c7845d,0.04186139581406445
ck_5b5dea6476d4e182,0.016134569228180063
ck_ccccb17d2ca6ce94,0.04730215038145943
ck_cd1dc68e441222b1,0.8914464389477391
ck_8312c49b1431a406,0.05528008244619259
ck_25fea39897f2a559,0.012929824065046775
ck_f56200205280bddf,0.025534438549781532
ck_7336611650dcc088,0.0027284837294455386
ck_590716322ff147ae,0.011151708410215249
ck_c82364d87875a1a1,0.016973355502523744
ck_fa4b60387d744fc5,0.0024356287013448104
ck_d841eba8906e9a15,0.006136907280245351
ck_d6df562a79b9d0d9,0.009204007578144003
ck_59a14d2564193101,0.002648546692665479
ck_8530158e3d7f59e7,0.005882740387390659
ck_ac68d707006c12a8,0.017257660185277485
ck_976fac1bb3dd8c58,0.07155389140116263
ck_f854fba8f4adae3d,0.09152400927873333
ck_b98e9c3ec6e7d1e7,0.009161641681954028
ck_803c0b4cf9d4bc1d,0.018250569252733766
ck_76997a33c3ea5107,0.0021677932880055915
ck_f1a9d832b700bda1,0.9576659989521614
ck_2bd96ddb8c323d63,0.9687954626640058
ck_9e5b7acf51b1b743,0.033519204970557936
ck_09169f22194fd6aa,0.017769180359847404
ck_6d69e092f9b0848b,0.015098525072665759
ck_9f83fa5a2d3b9049,0.008498022203600651
ck_57bbb19eecb4b87c,0.004484842205795624
ck_e0e9cfabb979f428,0.0061113986324240034
ck_b1ff9edc51d42f97,0.006239822233817204
ck_4682fad271d47eb0,0.8615103709083128
ck_ab33fb754c818ae3,0.02592878003947659
ck_b456f62b80e21557,0.002798048739087285
ck_16340be3f2a7fffd,0.002674649690826586
ck_ce66831f6611014c,0.005996842836474291
ck_4610a073bb54d1b1,0.0177008994229844
ck_fd038a7d33a9d6e5,0.003140432643008367
ck_c8198cb4c461304f,0.046527755078218415
ck_1e7de58822000dea,0.0037452523403140024
ck_b2a79dd3df560f14,0.04604287159739578
ck_74a06f347b32347f,0.014229768604424339
ck_c6fdb2972417c9bd,0.01136986930223812
ck_d7607a213b800bfb,0.07286937494847907
ck_df65967b8b40319c,0.0020333271853453677
ck_329a73dbd585ee09,0.004397625240685372
ck_74991a9e85c3b07d,0.01438101709955097
ck_bb76609b79e0bc9f,0.011077251534541236
ck_f7fc1bd0b9ab1fa4,0.011430988398344602
ck_d111c98b36bdb791,0.004889472327403115
ck_f07e27d125497b66,0.011431255278167296
ck_093e3a7134e11d6b,0.010799957778786763
ck_862c7953bdea48b0,0.00801116443964631
ck_392cf2cdd515c34d,0.005670891893004459
ck_80eb91b0b4001084,0.06341507547794399
ck_5923f53b77193a58,0.024357489879302963
ck_8049f5fce32be185,0.738041780687224
ck_ebc5a2c6cf88e252,0.1660358215018812
ck_9ea5872f14cce338,0.01664805366908982
ck_f7fbc95ebf584379,0.015641303478654306
ck_bafe82c870356706,0.961004756716684
ck_278b36c5932d9bff,0.002235956828536347
ck_6a892dd5d05c1649,0.009687735803483803
ck_0734fd90b2cabd43,0.007236852824529286
ck_9b552204498b6762,0.011715449514125323
ck_f6c909c205767956,0.032922887297557664
ck_32f590e87bc3d715,0.002112274265100814
ck_66a8325f28be7562,0.002883461304447412
ck_b129261da9c3c3c9,0.003116237465078166
ck_a524071c51ddde20,0.008209738039724428
ck_ba576d6d4cb6130b,0.16049367466666362
ck_8d8226520722af78,0.04138815700678863
ck_c5b0f0d4f1655a20,0.03249067028316653
ck_61814ae9b6d8eab1,0.008110905891596165
ck_382ebf136f7fa337,0.19057254066736085
ck_423ff4ede6a9f066,0.013492030879891191
ck_546ad962d04b7de4,0.9552145087546928
ck_9473ea4a01c95f9a,0.07350397729120063
ck_9eb1da8cd35a50ce,0.012965454053352489
ck_de5eaa2cdbcb67ff,0.06392645020639547
ck_537cc97d0398c922,0.036315463304068665
ck_998475a2e4dfad4e,0.009017189000000632
ck_e62eb708d2688fae,0.017337706771673445
ck_ea623358f704daa7,0.2476601300480166
ck_b911a09f328dfd4b,0.003551686002135197
ck_4b3506b624e5193c,0.03314608620297157
ck_448456f96788713b,0.02618562782633833
ck_5d5ef9e75f65d076,0.022642349737285034
ck_3b74512f774a6e5a,0.0037301217829888256
ck_a032e8ac1507c6df,0.6693464128482525
ck_7e2d6b22a0ae20c2,0.10148838256471278
ck_d80283209c963f11,0.010060763879363895
ck_d1157eade2ac3975,0.019101022888191297
ck_be48f583f79427f7,0.02820654236978858
ck_0027b5d4107d65d8,0.057715006119770706
ck_94fff69584dd3b2a,0.01310453657610377
ck_75fcda73f0b43557,0.014736072121004523
ck_a1c78972e4ee4082,0.0128805486743224
ck_f0982bbdbd122f91,0.011032681706742388
ck_3199b471575aeb3a,0.0052674241815154725
ck_7fa947a0b1c1cf74,0.05699213468826437
ck_a60c618b7f0e4252,0.0023936896938046228
ck_722ac47c8ac9b6c3,0.05291368335331406
ck_d44dc3839a195c8a,0.10178890145779186
ck_a2c3e82fab520483,0.048685749714508224
ck_6f8ae0319c07cafe,0.0029068463329078114
ck_49886ff1e2c759d6,0.04047821500233892
ck_150a1108f936e6b0,0.007281471458864251
ck_e21f9f96f597695b,0.00964033311558384
ck_7297bff2b7fdcbc8,0.0023113475197530818
ck_ee949c71f4f702eb,0.8851331092107074
ck_6fc37dea4b4f35c6,0.02254058470762441
ck_e76257caa98dc25d,0.9709851972699569
ck_828eef2334e17b3a,0.008842835408629028
ck_604e1b8a8c693aa7,0.003281272443790614
ck_7743c9fe037d1f9e,0.011407488350960386
ck_864a11202e19e812,0.3001754611815213
ck_4ec040b9e3785e4a,0.004301818042654257
ck_7346e4f820d9c00a,0.7963121292463194
ck_48d4d63beb26b623,0.007553056558908193
ck_c423aa6de3ed1e01,0.0052678032013830116
ck_d74b2ead8aaa3f73,0.02914533522734931
ck_1dd69a11daa7bf1a,0.029855432344251226
ck_d9143e236eef177f,0.008273137491721042
ck_f790d91e5ff0eccd,0.29494970523760583
ck_69b5620e00ef5dec,0.0027480328077533708
ck_cd32e58e8a1c0e85,0.006939556228512968
ck_064013b0957d87a5,0.9863564473963976
ck_a481385c2e60dc4a,0.0049208389486811
ck_d72035cb29db3aa4,0.020088853691998067
ck_3759939a0205306d,0.013606216616412592
ck_f437a53fc832ec95,0.6456125184606508
ck_260ef2f3e6434819,0.061816881911488895
ck_35e411b05d22f663,0.01411192946697383
ck_8bf46e472f3e20de,0.2153442618354947
ck_d546994fc5d3e9d1,0.01129290199619897
ck_6ff0fc7487e737e7,0.19430109554211086
ck_5c67f27816ae0b6f,0.009806936139534483
ck_c5517923458106ae,0.00470960967046499
ck_d9735647a6b0b0a7,0.9286279202610604
ck_541a734fc457246f,0.023133359341374105
ck_2f6a639468f41043,0.005552337265467843
ck_bea2cf7a6b7bb900,0.016552530031993435
ck_7eebd0e6ad6c070e,0.012872456294593946
ck_b64c87d5e3b10e6a,0.8621861980337547
ck_9dd7daacb7833233,0.012306087831131829
ck_396e9ea9a6c6d7d9,0.011646923925021549
ck_1645e6cc53fa99ff,0.021820306992647323
ck_ea2a83ccb8d57490,0.004876966064808172
ck_e64f0df63e1be595,0.02308736827981069
ck_fa0b234481cb57d3,0.030951818040843727
ck_63379e3c9fe6f711,0.037238873700482726
ck_c67f7944896a0310,0.05141235431792185
ck_c10e54c9db29e6ef,0.9891865405182539
ck_7184ad7709ae4c80,0.023219177615150095
ck_f8b6069d7577fde6,0.004308255998182965
ck_18444be153bac1ca,0.8589932621797804
ck_d0982b4e0e118e4d,0.028365791437285164
ck_6faf3e6820398866,0.012352140977900642
ck_97e980463aca4644,0.004188009182055139
ck_630c835243c66b19,0.9495244824136865
ck_fe429ba3e1aa0e4f,0.02080064931260198
ck_1058129ed7b48c59,0.01911741088065194
ck_04a1a46f07885296,0.01547385595395361
ck_f01e94331067edf6,0.010123248066869553
ck_77b2fb17c29f5e72,0.014156625678926267
ck_4f0c5857da45fb28,0.12553251272467084
ck_2cfb9a7775e8a5bc,0.9096758948667709
ck_6846100e43659bf3,0.007933453150190667
ck_f89719a854fe11d7,0.027141028161565096
ck_bf47375e41ca3bc0,0.004497399137094055
ck_2770b0400a7bef08,0.03810625013788244
ck_2a09d142de1c77ff,0.013693736591694152
ck_857a1f5547b9ad68,0.015030873953077097
ck_185f15b1523bbcf4,0.0037047408217302223
ck_ab2aed614ec1cdf8,0.008020644746164388
ck_a9e7f3b2d5dfd97b,0.006759062481307616
ck_0eeb3d9b3e697edb,0.009970689254589514
ck_fa5830d81bc8ddc1,0.002591759642651562
ck_231ae0329ebc3220,0.006638257234539018
ck_1587763dd54688c9,0.006621356378634559
ck_9f85fea4490c00cf,0.008268236258087208
ck_a2d709e7eb91e4af,0.030684646188550352
ck_43637d28c7216453,0.0042229462799813254
ck_f3ab5dd853d38252,0.02531371160646774
ck_4a1f0172d3bf4fd3,0.0035388056639678663
ck_517620ca16505af0,0.010950726117100068
ck_9ae904fbef56065c,0.0025572614667402787
ck_d5ef1f6e34bb35b8,0.10161014209135126
ck_ff42557857ae3aeb,0.003306129770136173
ck_ad9a18f58589faa7,0.003911566618913485
ck_df1a6edaa3e6b271,0.004918513049656927
ck_99021fe7225b5a68,0.022841042259313115
ck_99e52c3c2530b69e,0.9795881917985451
ck_3a4811dc4a1a891d,0.004461767026417982
ck_ba3a6be026c87079,0.010183500751791984
ck_da6d1e5cf6aba6fd,0.049956165421693705
ck_ddc7c1f3d45fe6e6,0.009893376380486972
ck_e1b1e7a7e4a15b3e,0.004192948191595526
ck_8288f7f226e08b89,0.009168469840949383
ck_c4524993ec31dbe5,0.004373685196133399
ck_8b19bb5b23b6741c,0.00957956432781837
ck_d21b38231a8a9f4a,0.1093088204713002
ck_3f730318a9792292,0.027547623349711035
ck_a4db6e94a8f77f9d,0.037242596981801795
ck_a8cac8d480306839,0.005041498449734188
ck_5472214011fbc2a7,0.003677648355980339
ck_7356f47dbbbe7904,0.0043934025771395204
ck_16801e628e883d78,0.023443704617639855
ck_0dc1e536231c4860,0.009316325946113299
ck_7cd0634a6e60af83,0.012548749694043937
ck_ef6f8e048ae1bd4b,0.015543948899905492
ck_82f3f744209888ac,0.03139031492216163
ck_f33188c232a03526,0.29939368166653874
ck_4a59f4e10bf45d7f,0.002654693533087877
ck_d96c893721385e4e,0.0023544744095263877
ck_f65ab819373edb37,0.029241462993071603
ck_21cac21fc10b7768,0.00895671688440675
ck_139b54e6ccbdd7da,0.1128400096265022
ck_d6f5c8741697abb3,0.025959053257533296
ck_a28d9bb5590d458f,0.11635719682177874
ck_ed26d906883bea0a,0.008214526818978342
ck_227602ad072b838b,0.0018813409975794997
ck_39d5f6c17c745ab1,0.001853523638731009
ck_744eade757ba69b5,0.021447315690016826
ck_c1295d97cdf35ec2,0.02107843416167225
ck_69105f881da3c821,0.0601248313471218
ck_933789b55361d7c1,0.8821082398811736
ck_b667952253503174,0.009540552109353383
ck_7bf668e25abeeb05,0.004987809103795347
ck_91742711dfdffd56,0.014536553069486832
ck_af32a0660090dd68,0.06769202815586374
ck_2122f201e65f76ee,0.018956220714356212
ck_f48acb73a5d6af07,0.03521940834058784
ck_337c5684510cf432,0.04815573408193396
ck_f7bde7265053364d,0.018073834048394036
ck_c190c7b924edba75,0.06404911413774149
ck_044fa3b3a003f0b5,0.021404779250422723
ck_87eb43e3b9d96169,0.07591978439234404
ck_2d3d6c9364362017,0.0023370299627417826
ck_ac55dc6cbcdf8228,0.009854056856995906
ck_61d7b0568ec5d6cf,0.02421267654694841
ck_89c74feeaffa7d09,0.006031467259790992
ck_93776b0c113f41f0,0.050432485264054173
ck_15e0b679931f7a8d,0.0108700649211036
ck_77b56c49cfdb1d81,0.10337689096942522
ck_73188a826b5f499f,0.008247334336774057
ck_4f463ef25325ddfa,0.23574041198970827
ck_863db2e394dc47d1,0.9489957961706912
ck_d52432ed597f3cc9,0.005892490880770265
ck_04fb61e5739642f8,0.13905629839966419
ck_2e481d75d110c06d,0.20035713931142854
ck_3fa1a523d77cd619,0.006859674315131164
ck_466dc6274fecd708,0.04092648812445149
ck_e1790b3aa2241b10,0.8407397048330454
ck_84ad096a46e1a960,0.04319611491130587
ck_3be72c9c178fa00d,0.011519256829451074
ck_5a17c89219d1d9fe,0.005138172554661333
ck_4f639f4ee6ce8d9e,0.034674062785972126
ck_f4ec4a935e51b4db,0.008616339075370738
ck_f04040a830f92bac,0.008774245178624546
ck_3e4d02a04be2aaf8,0.06047123225536024
ck_4d1baef193cfb900,0.021125254322643793
ck_0fb3153d37626b75,0.0015360266917926364
ck_88ec57a11b11f702,0.8785569973337198
ck_dca9dc465f759db4,0.0046981592599111425
ck_64f5fba6af67e024,0.03972318658197659
ck_896096cb167254ef,0.06643269816766877
ck_7878679065876b98,0.02153495982105008
ck_fe8e5a6c880ceb4e,0.004264656248548632
ck_a5e036327d3d1862,0.0020182218102082674
ck_310f73940fc4cf4f,0.006900672163034705
ck_46a8db16ad00b749,0.0271352855539012
ck_0d33977c3de8cfaf,0.9857487076938001
ck_c6fff412f531db0f,0.0010494841332185495
ck_bac6dadf428eaea9,0.023259859192859878
ck_1b96d9af0d7da2d5,0.007948068856989924
ck_fa8a4a9e77799fcc,0.00507470523594742
ck_0bf48607a874b4d1,0.0048269842244882425
ck_eeb75f8a6439f65e,0.021405968723638782
ck_a209a5f7d172125e,0.009135222299888668
ck_8f346b72fb40bf14,0.011255840975602121
ck_bccbf9fef367f00f,0.00598739468614012
ck_2d1548f1ee405cc9,0.014450810770160347
ck_e8298ff2dc1e9d50,0.006025294168185762
ck_77c0fb524edb4a94,0.006620443329070753
ck_28ac4c5134cb8e77,0.05483545342099933
ck_db23a0e3e54be60c,0.7631353196289293
ck_a059d00cee5cee99,0.0051139953959244535
ck_3e9e3bba8bd363af,0.004397968687540751
ck_0428728df24cdab4,0.005847778320896605
ck_88cd35378075c84f,0.0025847594619685392
ck_0174d76398d9dc0f,0.010901102897688844
ck_3f1287e6c27de0dc,0.009306625794496709
ck_ff822700f3605e06,0.9920234682964346
ck_4563227b2038ae07,0.15719220013623555
ck_788e78065526ee19,0.027296861249275935
ck_8a16eb584093b12f,0.002162830061897099
ck_cc276f71ab6c08fd,0.03320090263730111
ck_d61d97b21002f3e9,0.045306663626680656
ck_4b2e87d86a5e415c,0.023999319863509675
ck_3e6f35e4500d2f2a,0.002763891956682704
ck_3acdb083e0d8ad61,0.0036898796765473447
ck_cd655202db489010,0.0032593411255385438
ck_829cbf5ccda481ae,0.00889341965450552
ck_f5882e6f98b8b4cd,0.00539311948058277
ck_767947540b234add,0.009355204572320452
ck_a6e8e8f535b1f1d1,0.04585503516757657
ck_58412a2674fea506,0.006298197200717344
ck_fae7e518a585fa61,0.02437742572471871
ck_9c60ae6958d68dbd,0.3199747151078283
ck_328696b8f5e54ec6,0.05702105436958597
ck_7df3f8f4f1068d62,0.004250896559286447
ck_cfadd21458230ef7,0.006237810298363157
ck_7048bedd554c703b,0.0023943999353553684
ck_50422466f145bfd7,0.004350441270261902
ck_61e1f7168cd9ff25,0.03188770936324855
ck_733aff0f56f5b3c9,0.02022797032746403
ck_e14892e424180549,0.003060361320951324
ck_03f6664a96de7d0f,0.02759126487451712
ck_b7f4baa2cc82fe61,0.007427202138050616
ck_1e51199a075ca0fa,0.007856081340742489
ck_0e70516fa07cfb17,0.921562439549603
ck_0f37c554a5057801,0.28537851522385316
ck_5576b725de38d106,0.008300925568396572
ck_82f360df1e9f4eb8,0.018120274534241813
ck_395f3bd4aacd7ca6,0.01846851647529602
ck_5e8e857b63966609,0.16009907245477628
ck_93470896f0804b6b,0.9578779744081297
ck_3be854e42e76569a,0.00459862207338497
ck_0567302c57a2417e,0.1523974715326066
ck_ee535461b5f05539,0.45064285047181185
ck_94a096c36162a153,0.009432475351956742
ck_dfc8f5c141fd7c63,0.02623741434228719
ck_98b34f2d704c1c2a,0.017033510235790188
ck_96dff7a09d45f116,0.011807644830505984
ck_79557434c129ba52,0.004220912778004877
ck_4596624a7c01d501,0.009328556115099139
ck_04e89fbd739243fa,0.0032201991721156563
ck_6149ffaf18872dc8,0.0030646433686406945
ck_cd78f0832a09bd8f,0.7247264717496332
ck_7e29c10d781c3b41,0.008580096235170033
ck_1f7ee7b23fc6f2f4,0.0027224201377832667
ck_c49b685d2b3ab89a,0.010792059137304341
ck_84569a8fc50e73ac,0.010442274425315761
ck_b92b11d205af91eb,0.002792518582071707
ck_06280e6d6d2485b0,0.008407180099088666
ck_3c08546dd0c92863,0.012365994990960612
ck_99d3983f907828bf,0.0036283686755743914
ck_eccfd552aa652d3c,0.015035393512848258
ck_0cff8153881875ba,0.014270819678245653
ck_c1aebbeca6ab5ff9,0.00836746838767904
ck_538fdbbb3c2bcbbb,0.014475206950547012
ck_8c0210322733c718,0.012536137722798324
ck_0b0c93039f987abc,0.007373064714252357
ck_6d07d6d1bd227d37,0.14737415561808312
ck_9b6ee35e8cd0b11c,0.003896622049154567
ck_d838491d3d4f5ecf,0.004514448440242526
ck_0593ae243a9ebee9,0.014816715414083763
ck_ef261fc09be8eb0b,0.006041050649849232
ck_d0935b571a4a3868,0.04340772073028685
ck_97d04a67a104af39,0.09442121482550125
ck_e25f70d0b7229420,0.022375287783736073
ck_9b71274ff83de482,0.981019943919701
ck_6de2aa2bb60978d3,0.03168541346381211
ck_eda55c8fb47593d7,0.007603860392212756
ck_924e572517515f19,0.33319309566986427
ck_d6f27eacbad310f4,0.010307848184894672
ck_8550f229b5eb03ab,0.005605735494710568
ck_e3e95546a84d0ed8,0.02816221211654782
ck_3135c019696ee6af,0.882096500225445
ck_41ba315d8fccb559,0.006637621756311159
ck_72b86e4485da2d0f,0.9797351037638906
ck_daaa995f3c2f0e47,0.01127173291467221
ck_053746067839696b,0.02873870083170163
ck_a15fe7d0f4b65c33,0.5878490225477093
ck_15de11438732bb05,0.012352475440861549
ck_2c4d25acbe3fabd9,0.02839727040132528
ck_7f08078908599bd2,0.016478927608059236
ck_e794741742fb2619,0.009936174191858358
ck_238e53b6dee8c301,0.0027043676747770854
ck_53a6a33060d5c8b8,0.004924663744116568
ck_0e0919292ad33472,0.5475560977991144
ck_d86ccf148c06c8c8,0.0923231064001407
ck_c881f26c9bf9ae42,0.6893267674410994
ck_4b0947bf94e9d847,0.08849300938189279
ck_e10ff5c38bd18470,0.007240506193284593
ck_b60de9e97aad9e45,0.7010248680111211
ck_190bc849e5ff5401,0.042869137807416635
ck_e7be077aa0b2632c,0.003793852171227736
ck_a51abde881ebeff3,0.030595265420247764
ck_2208392a9f6bd249,0.015383393472300624
ck_0259da8f109017e9,0.004731914731041869
ck_05e01ab9c95449da,0.017281156136697916
ck_c82897ebffb6ae66,0.009555966149710939
ck_b4a6bb4689cd7cfa,0.022539618501915732
ck_9e21ea33018ce538,0.011316713119125433
ck_caa348f0e65db062,0.9405511540127273
ck_a964e6b5d8415334,0.2904185346104588
ck_510bfbbee37ff436,0.024039852857533472
ck_9741a82faf5c7889,0.021207638745759833
ck_e7f61b4a39ba98ac,0.0031261728402095777
ck_069d158665a53909,0.009272479633706756
ck_6426427efe3228af,0.023203163526969457
ck_ab4a8d02ec3c0fd7,0.002403070558164511
ck_aefa0d8d933e0eca,0.043344011508335445
ck_232325ef6bce92f1,0.008325446070697294
ck_14e58c3fb26a2b4d,0.015603114834822006
ck_06e73afdec26aecc,0.1180492758476704
ck_3168f4f2778d64e1,0.010773333392830375
ck_ff3998d6858daa21,0.0020373753055730635
ck_bccff46fb0868454,0.5288195278241226
ck_c7d444d90fa86d7c,0.3756178514363064
ck_f0bc3bdee6bfbb94,0.01856676807172353
ck_f7112818a6d81422,0.05681609887925277
ck_aca35dbcb835ad02,0.029399982720838474
ck_f637fabf0f60528f,0.009530882174756011
ck_53d17ab97de1ac3e,0.005304614235652315
ck_c8c1bf16d9113493,0.01799632492600212
ck_e842fb0cf055a83b,0.10043430943072561
ck_93c0cb3dac4891fe,0.005919873084822003
ck_0c1f088e17e46daf,0.02395798992182027
ck_8f4b384955bf57c9,0.008318375317256042
ck_09cd5c4df1e81ac2,0.12131098443877264
ck_1e832a5b2342554f,0.05820216315480046
ck_2cb763a881aee27f,0.0033582169185996558
ck_5875828b11406398,0.01849605498339808
ck_48e84b0cb0b90fa7,0.02585233665300111
ck_833688de8629c5c0,0.004036192105189064
ck_117d78ccd5820f36,0.03756355842312022
ck_668ec61c4c39cae3,0.005529963008088938
ck_73a7794b659d7a34,0.004315297481382592
ck_10f90d879209734f,0.02552515039129089
ck_d1d079913aa158bf,0.003940365627679566
ck_01c631b38e8a9535,0.0069598705684048535
ck_f6923088c17a04e2,0.1105038575557158
ck_b447badc9138987d,0.002262026692234524
ck_8b772caed8f1541c,0.011520375092491805
ck_5403c76fe68a08ba,0.2829160959504287
ck_3e6833574edf1736,0.008729682305697914
ck_e527fbb9450a4581,0.9280477657496254
ck_cc90e219f1ebf390,0.008127531447789287
